ID,Femicide_Record_ID,Province,Province_Code,Financial_Year,Calendar_Month,Female_Murders_Reference,Analytical_Femicide_Count,Intimate_Partner_Femicide,Family_Member_Femicide,Stranger_Femicide,Firearm,Sharp_Instrument,Blunt_Force,Other_Method,Cases_Solved_or_Charged,Convictions_Recorded
EC_2019-20_2019-04,FEM-00001,Eastern Cape,EC,2019/20,2019-04,22,12,6,2,4,3,3,3,3,5,2
FS_2019-20_2019-04,FEM-00002,Free State,FS,2019/20,2019-04,14,7,3,1,3,2,2,2,1,4,2
GP_2019-20_2019-04,FEM-00003,Gauteng,GP,2019/20,2019-04,49,20,8,3,9,7,6,4,3,11,4
KZN_2019-20_2019-04,FEM-00004,KwaZulu-Natal,KZN,2019/20,2019-04,40,19,11,4,4,7,5,4,3,11,7
LP_2019-20_2019-04,FEM-00005,Limpopo,LP,2019/20,2019-04,23,13,7,2,4,4,5,3,1,9,3
MP_2019-20_2019-04,FEM-00006,Mpumalanga,MP,2019/20,2019-04,23,14,7,2,5,3,5,3,3,7,4
NW_2019-20_2019-04,FEM-00007,North West,NW,2019/20,2019-04,20,11,6,2,3,2,3,2,4,5,3
NC_2019-20_2019-04,FEM-00008,Northern Cape,NC,2019/20,2019-04,10,5,4,1,0,2,2,1,0,3,2
WC_2019-20_2019-04,FEM-00009,Western Cape,WC,2019/20,2019-04,60,29,16,4,9,5,9,5,10,17,8
EC_2019-20_2019-05,FEM-00010,Eastern Cape,EC,2019/20,2019-05,23,10,5,2,3,3,2,2,3,6,3
FS_2019-20_2019-05,FEM-00011,Free State,FS,2019/20,2019-05,14,8,3,1,4,2,3,2,1,4,3
GP_2019-20_2019-05,FEM-00012,Gauteng,GP,2019/20,2019-05,49,25,14,4,7,8,8,7,2,13,10
KZN_2019-20_2019-05,FEM-00013,KwaZulu-Natal,KZN,2019/20,2019-05,41,21,10,2,9,5,8,5,3,9,5
LP_2019-20_2019-05,FEM-00014,Limpopo,LP,2019/20,2019-05,23,13,8,1,4,3,4,3,3,8,6
MP_2019-20_2019-05,FEM-00015,Mpumalanga,MP,2019/20,2019-05,23,12,6,2,4,5,2,3,2,5,3
NW_2019-20_2019-05,FEM-00016,North West,NW,2019/20,2019-05,20,10,5,2,3,3,2,2,3,5,3
NC_2019-20_2019-05,FEM-00017,Northern Cape,NC,2019/20,2019-05,9,4,3,1,0,1,1,1,1,3,1
WC_2019-20_2019-05,FEM-00018,Western Cape,WC,2019/20,2019-05,60,23,10,3,10,4,10,3,6,12,7
EC_2019-20_2019-06,FEM-00019,Eastern Cape,EC,2019/20,2019-06,23,11,6,1,4,3,4,3,1,5,4
FS_2019-20_2019-06,FEM-00020,Free State,FS,2019/20,2019-06,13,6,4,1,1,1,2,1,2,4,2
GP_2019-20_2019-06,FEM-00021,Gauteng,GP,2019/20,2019-06,46,22,13,3,6,6,9,6,1,14,10
KZN_2019-20_2019-06,FEM-00022,KwaZulu-Natal,KZN,2019/20,2019-06,43,20,14,2,4,4,8,5,3,12,7
LP_2019-20_2019-06,FEM-00023,Limpopo,LP,2019/20,2019-06,23,12,7,2,3,3,4,3,2,6,3
MP_2019-20_2019-06,FEM-00024,Mpumalanga,MP,2019/20,2019-06,22,13,7,2,4,3,4,3,3,7,3
NW_2019-20_2019-06,FEM-00025,North West,NW,2019/20,2019-06,21,11,6,1,4,3,4,3,1,7,5
NC_2019-20_2019-06,FEM-00026,Northern Cape,NC,2019/20,2019-06,9,4,2,0,2,1,1,1,1,3,1
WC_2019-20_2019-06,FEM-00027,Western Cape,WC,2019/20,2019-06,58,35,18,7,10,6,9,8,12,19,10
EC_2019-20_2019-07,FEM-00028,Eastern Cape,EC,2019/20,2019-07,23,10,6,2,2,2,4,2,2,6,3
FS_2019-20_2019-07,FEM-00029,Free State,FS,2019/20,2019-07,17,10,6,1,3,2,2,2,4,6,4
GP_2019-20_2019-07,FEM-00030,Gauteng,GP,2019/20,2019-07,53,21,11,2,8,7,7,4,3,11,5
KZN_2019-20_2019-07,FEM-00031,KwaZulu-Natal,KZN,2019/20,2019-07,44,20,10,2,8,8,6,4,2,11,6
LP_2019-20_2019-07,FEM-00032,Limpopo,LP,2019/20,2019-07,25,11,7,2,2,3,4,3,1,8,5
MP_2019-20_2019-07,FEM-00033,Mpumalanga,MP,2019/20,2019-07,22,10,7,2,1,3,4,2,1,5,4
NW_2019-20_2019-07,FEM-00034,North West,NW,2019/20,2019-07,20,9,5,1,3,2,2,2,3,5,2
NC_2019-20_2019-07,FEM-00035,Northern Cape,NC,2019/20,2019-07,10,5,3,1,1,1,2,1,1,3,1
WC_2019-20_2019-07,FEM-00036,Western Cape,WC,2019/20,2019-07,55,28,12,3,13,8,7,6,7,18,9
EC_2019-20_2019-08,FEM-00037,Eastern Cape,EC,2019/20,2019-08,24,12,7,2,3,3,4,3,2,7,4
FS_2019-20_2019-08,FEM-00038,Free State,FS,2019/20,2019-08,15,9,5,2,2,2,2,2,3,4,2
GP_2019-20_2019-08,FEM-00039,Gauteng,GP,2019/20,2019-08,54,31,13,6,12,9,9,8,5,23,13
KZN_2019-20_2019-08,FEM-00040,KwaZulu-Natal,KZN,2019/20,2019-08,45,25,14,5,6,6,7,4,8,13,8
LP_2019-20_2019-08,FEM-00041,Limpopo,LP,2019/20,2019-08,25,11,4,2,5,4,3,3,1,5,4
MP_2019-20_2019-08,FEM-00042,Mpumalanga,MP,2019/20,2019-08,24,15,10,3,2,4,4,3,4,8,5
NW_2019-20_2019-08,FEM-00043,North West,NW,2019/20,2019-08,20,10,4,1,5,3,4,2,1,4,2
NC_2019-20_2019-08,FEM-00044,Northern Cape,NC,2019/20,2019-08,9,5,2,1,2,1,2,1,1,3,2
WC_2019-20_2019-08,FEM-00045,Western Cape,WC,2019/20,2019-08,62,38,12,7,19,14,6,8,10,20,8
EC_2019-20_2019-09,FEM-00046,Eastern Cape,EC,2019/20,2019-09,21,10,6,1,3,3,3,2,2,6,4
FS_2019-20_2019-09,FEM-00047,Free State,FS,2019/20,2019-09,15,7,4,1,2,2,3,1,1,3,1
GP_2019-20_2019-09,FEM-00048,Gauteng,GP,2019/20,2019-09,50,24,13,4,7,9,8,5,2,13,7
KZN_2019-20_2019-09,FEM-00049,KwaZulu-Natal,KZN,2019/20,2019-09,42,23,11,3,9,7,6,6,4,10,7
LP_2019-20_2019-09,FEM-00050,Limpopo,LP,2019/20,2019-09,25,12,6,2,4,3,4,2,3,6,2
MP_2019-20_2019-09,FEM-00051,Mpumalanga,MP,2019/20,2019-09,21,11,5,2,4,3,4,4,0,6,4
NW_2019-20_2019-09,FEM-00052,North West,NW,2019/20,2019-09,20,11,7,2,2,2,3,2,4,6,4
NC_2019-20_2019-09,FEM-00053,Northern Cape,NC,2019/20,2019-09,9,5,3,0,2,2,2,1,0,2,1
WC_2019-20_2019-09,FEM-00054,Western Cape,WC,2019/20,2019-09,65,34,17,5,12,9,11,7,7,22,10
EC_2019-20_2019-10,FEM-00055,Eastern Cape,EC,2019/20,2019-10,22,13,7,3,3,3,5,4,1,7,4
FS_2019-20_2019-10,FEM-00056,Free State,FS,2019/20,2019-10,16,7,3,1,3,2,3,1,1,4,2
GP_2019-20_2019-10,FEM-00057,Gauteng,GP,2019/20,2019-10,49,32,15,4,13,8,9,6,9,21,15
KZN_2019-20_2019-10,FEM-00058,KwaZulu-Natal,KZN,2019/20,2019-10,40,25,17,3,5,6,8,6,5,15,11
LP_2019-20_2019-10,FEM-00059,Limpopo,LP,2019/20,2019-10,23,12,6,2,4,5,3,2,2,8,5
MP_2019-20_2019-10,FEM-00060,Mpumalanga,MP,2019/20,2019-10,24,14,9,3,2,5,4,3,2,9,4
NW_2019-20_2019-10,FEM-00061,North West,NW,2019/20,2019-10,20,11,6,3,2,3,4,3,1,7,4
NC_2019-20_2019-10,FEM-00062,Northern Cape,NC,2019/20,2019-10,9,5,2,1,2,1,1,1,2,3,2
WC_2019-20_2019-10,FEM-00063,Western Cape,WC,2019/20,2019-10,61,34,19,4,11,6,13,9,6,18,13
EC_2019-20_2019-11,FEM-00064,Eastern Cape,EC,2019/20,2019-11,19,8,5,1,2,3,3,2,0,5,3
FS_2019-20_2019-11,FEM-00065,Free State,FS,2019/20,2019-11,15,9,5,1,3,3,2,2,2,4,2
GP_2019-20_2019-11,FEM-00066,Gauteng,GP,2019/20,2019-11,42,19,10,3,6,4,8,5,2,10,6
KZN_2019-20_2019-11,FEM-00067,KwaZulu-Natal,KZN,2019/20,2019-11,38,21,10,4,7,8,8,5,0,10,6
LP_2019-20_2019-11,FEM-00068,Limpopo,LP,2019/20,2019-11,23,15,7,3,5,4,4,3,4,8,5
MP_2019-20_2019-11,FEM-00069,Mpumalanga,MP,2019/20,2019-11,21,11,6,1,4,3,2,3,3,7,4
NW_2019-20_2019-11,FEM-00070,North West,NW,2019/20,2019-11,19,11,6,2,3,4,4,2,1,7,5
NC_2019-20_2019-11,FEM-00071,Northern Cape,NC,2019/20,2019-11,9,5,3,1,1,2,1,1,1,2,1
WC_2019-20_2019-11,FEM-00072,Western Cape,WC,2019/20,2019-11,53,28,12,5,11,7,6,6,9,19,12
EC_2019-20_2019-12,FEM-00073,Eastern Cape,EC,2019/20,2019-12,22,12,6,2,4,3,4,3,2,7,4
FS_2019-20_2019-12,FEM-00074,Free State,FS,2019/20,2019-12,15,10,5,2,3,2,4,2,2,5,4
GP_2019-20_2019-12,FEM-00075,Gauteng,GP,2019/20,2019-12,49,25,14,5,6,9,10,6,0,11,8
KZN_2019-20_2019-12,FEM-00076,KwaZulu-Natal,KZN,2019/20,2019-12,40,25,14,4,7,9,10,4,2,15,9
LP_2019-20_2019-12,FEM-00077,Limpopo,LP,2019/20,2019-12,24,10,7,1,2,2,2,2,4,4,3
MP_2019-20_2019-12,FEM-00078,Mpumalanga,MP,2019/20,2019-12,23,10,4,2,4,4,4,2,0,6,4
NW_2019-20_2019-12,FEM-00079,North West,NW,2019/20,2019-12,21,11,5,1,5,3,4,3,1,5,2
NC_2019-20_2019-12,FEM-00080,Northern Cape,NC,2019/20,2019-12,9,4,2,0,2,1,1,1,1,2,1
WC_2019-20_2019-12,FEM-00081,Western Cape,WC,2019/20,2019-12,60,29,12,6,11,6,8,5,10,18,9
EC_2019-20_2020-01,FEM-00082,Eastern Cape,EC,2019/20,2020-01,22,12,7,2,3,3,4,3,2,8,6
FS_2019-20_2020-01,FEM-00083,Free State,FS,2019/20,2020-01,13,6,3,1,2,2,2,1,1,3,1
GP_2019-20_2020-01,FEM-00084,Gauteng,GP,2019/20,2020-01,44,18,10,4,4,4,8,4,2,9,5
KZN_2019-20_2020-01,FEM-00085,KwaZulu-Natal,KZN,2019/20,2020-01,41,19,9,4,6,7,7,3,2,10,7
LP_2019-20_2020-01,FEM-00086,Limpopo,LP,2019/20,2020-01,24,13,8,2,3,2,2,3,6,6,2
MP_2019-20_2020-01,FEM-00087,Mpumalanga,MP,2019/20,2020-01,23,12,7,2,3,3,5,3,1,6,4
NW_2019-20_2020-01,FEM-00088,North West,NW,2019/20,2020-01,18,11,6,2,3,2,3,2,4,6,3
NC_2019-20_2020-01,FEM-00089,Northern Cape,NC,2019/20,2020-01,9,5,2,1,2,2,2,1,0,3,2
WC_2019-20_2020-01,FEM-00090,Western Cape,WC,2019/20,2020-01,56,31,19,6,6,5,5,8,13,14,7
EC_2019-20_2020-02,FEM-00091,Eastern Cape,EC,2019/20,2020-02,20,11,5,2,4,3,4,2,2,5,3
FS_2019-20_2020-02,FEM-00092,Free State,FS,2019/20,2020-02,14,6,2,1,3,2,2,2,0,3,2
GP_2019-20_2020-02,FEM-00093,Gauteng,GP,2019/20,2020-02,48,29,15,3,11,9,8,9,3,16,8
KZN_2019-20_2020-02,FEM-00094,KwaZulu-Natal,KZN,2019/20,2020-02,40,24,14,5,5,5,5,7,7,13,7
LP_2019-20_2020-02,FEM-00095,Limpopo,LP,2019/20,2020-02,25,13,8,2,3,4,5,3,1,6,3
MP_2019-20_2020-02,FEM-00096,Mpumalanga,MP,2019/20,2020-02,21,12,6,2,4,4,4,4,0,7,4
NW_2019-20_2020-02,FEM-00097,North West,NW,2019/20,2020-02,20,11,7,2,2,3,5,3,0,8,5
NC_2019-20_2020-02,FEM-00098,Northern Cape,NC,2019/20,2020-02,8,4,2,1,1,1,2,1,0,2,1
WC_2019-20_2020-02,FEM-00099,Western Cape,WC,2019/20,2020-02,61,33,15,4,14,11,9,10,3,17,10
EC_2019-20_2020-03,FEM-00100,Eastern Cape,EC,2019/20,2020-03,23,11,6,2,3,5,5,3,0,7,4
FS_2019-20_2020-03,FEM-00101,Free State,FS,2019/20,2020-03,15,9,5,2,2,2,3,2,2,4,2
GP_2019-20_2020-03,FEM-00102,Gauteng,GP,2019/20,2020-03,51,26,12,4,10,9,11,8,0,13,6
KZN_2019-20_2020-03,FEM-00103,KwaZulu-Natal,KZN,2019/20,2020-03,41,20,9,1,10,6,9,6,0,10,5
LP_2019-20_2020-03,FEM-00104,Limpopo,LP,2019/20,2020-03,24,11,5,2,4,3,4,2,2,7,4
MP_2019-20_2020-03,FEM-00105,Mpumalanga,MP,2019/20,2020-03,22,12,5,2,5,4,3,3,2,5,3
NW_2019-20_2020-03,FEM-00106,North West,NW,2019/20,2020-03,19,9,5,2,2,3,3,2,1,4,2
NC_2019-20_2020-03,FEM-00107,Northern Cape,NC,2019/20,2020-03,8,5,3,1,1,1,2,1,1,2,1
WC_2019-20_2020-03,FEM-00108,Western Cape,WC,2019/20,2020-03,59,34,18,5,11,15,11,6,2,18,12
EC_2020-21_2020-04,FEM-00109,Eastern Cape,EC,2020/21,2020-04,18,11,6,2,3,3,3,2,3,7,4
FS_2020-21_2020-04,FEM-00110,Free State,FS,2020/21,2020-04,11,6,3,1,2,2,2,2,0,4,3
GP_2020-21_2020-04,FEM-00111,Gauteng,GP,2020/21,2020-04,41,25,11,5,9,9,8,3,5,13,9
KZN_2020-21_2020-04,FEM-00112,KwaZulu-Natal,KZN,2020/21,2020-04,33,16,7,3,6,4,6,5,1,10,5
LP_2020-21_2020-04,FEM-00113,Limpopo,LP,2020/21,2020-04,20,11,6,2,3,4,3,3,1,5,3
MP_2020-21_2020-04,FEM-00114,Mpumalanga,MP,2020/21,2020-04,19,11,7,2,2,3,4,3,1,6,3
NW_2020-21_2020-04,FEM-00115,North West,NW,2020/21,2020-04,17,9,5,1,3,3,3,2,1,5,2
NC_2020-21_2020-04,FEM-00116,Northern Cape,NC,2020/21,2020-04,8,4,2,1,1,1,1,1,1,3,2
WC_2020-21_2020-04,FEM-00117,Western Cape,WC,2020/21,2020-04,49,27,15,5,7,3,10,5,9,11,7
EC_2020-21_2020-05,FEM-00118,Eastern Cape,EC,2020/21,2020-05,19,10,4,1,5,2,5,2,1,6,4
FS_2020-21_2020-05,FEM-00119,Free State,FS,2020/21,2020-05,12,6,3,1,2,1,2,1,2,4,2
GP_2020-21_2020-05,FEM-00120,Gauteng,GP,2020/21,2020-05,36,18,11,3,4,4,5,3,6,11,6
KZN_2020-21_2020-05,FEM-00121,KwaZulu-Natal,KZN,2020/21,2020-05,37,20,8,4,8,5,6,6,3,12,6
LP_2020-21_2020-05,FEM-00122,Limpopo,LP,2020/21,2020-05,17,9,4,1,4,3,2,3,1,5,3
MP_2020-21_2020-05,FEM-00123,Mpumalanga,MP,2020/21,2020-05,19,10,5,1,4,3,2,2,3,6,3
NW_2020-21_2020-05,FEM-00124,North West,NW,2020/21,2020-05,16,7,4,1,2,2,3,1,1,4,2
NC_2020-21_2020-05,FEM-00125,Northern Cape,NC,2020/21,2020-05,8,5,2,1,2,1,1,1,2,3,2
WC_2020-21_2020-05,FEM-00126,Western Cape,WC,2020/21,2020-05,51,23,11,3,9,7,6,6,4,12,7
EC_2020-21_2020-06,FEM-00127,Eastern Cape,EC,2020/21,2020-06,19,12,7,2,3,4,3,3,2,7,4
FS_2020-21_2020-06,FEM-00128,Free State,FS,2020/21,2020-06,12,7,4,1,2,2,2,1,2,4,2
GP_2020-21_2020-06,FEM-00129,Gauteng,GP,2020/21,2020-06,37,19,12,4,3,4,7,4,4,10,8
KZN_2020-21_2020-06,FEM-00130,KwaZulu-Natal,KZN,2020/21,2020-06,32,17,9,3,5,4,6,4,3,11,6
LP_2020-21_2020-06,FEM-00131,Limpopo,LP,2020/21,2020-06,18,12,7,2,3,3,4,3,2,7,4
MP_2020-21_2020-06,FEM-00132,Mpumalanga,MP,2020/21,2020-06,18,10,5,1,4,3,4,3,0,5,3
NW_2020-21_2020-06,FEM-00133,North West,NW,2020/21,2020-06,15,8,4,1,3,3,3,2,0,5,3
NC_2020-21_2020-06,FEM-00134,Northern Cape,NC,2020/21,2020-06,8,4,2,0,2,1,1,1,1,2,1
WC_2020-21_2020-06,FEM-00135,Western Cape,WC,2020/21,2020-06,45,18,10,2,6,5,6,5,2,8,2
EC_2020-21_2020-07,FEM-00136,Eastern Cape,EC,2020/21,2020-07,20,11,6,2,3,5,4,2,0,6,2
FS_2020-21_2020-07,FEM-00137,Free State,FS,2020/21,2020-07,12,6,3,1,2,2,1,1,2,3,1
GP_2020-21_2020-07,FEM-00138,Gauteng,GP,2020/21,2020-07,40,22,11,4,7,5,4,5,8,15,10
KZN_2020-21_2020-07,FEM-00139,KwaZulu-Natal,KZN,2020/21,2020-07,39,23,12,3,8,6,8,3,6,8,4
LP_2020-21_2020-07,FEM-00140,Limpopo,LP,2020/21,2020-07,19,11,5,2,4,3,4,2,2,5,3
MP_2020-21_2020-07,FEM-00141,Mpumalanga,MP,2020/21,2020-07,19,11,6,2,3,3,3,2,3,5,3
NW_2020-21_2020-07,FEM-00142,North West,NW,2020/21,2020-07,16,8,4,1,3,3,2,2,1,5,3
NC_2020-21_2020-07,FEM-00143,Northern Cape,NC,2020/21,2020-07,8,5,2,0,3,1,2,1,1,3,2
WC_2020-21_2020-07,FEM-00144,Western Cape,WC,2020/21,2020-07,53,28,15,3,10,7,8,6,7,18,11
EC_2020-21_2020-08,FEM-00145,Eastern Cape,EC,2020/21,2020-08,19,8,4,1,3,3,2,2,1,4,2
FS_2020-21_2020-08,FEM-00146,Free State,FS,2020/21,2020-08,13,7,4,0,3,3,1,1,2,4,2
GP_2020-21_2020-08,FEM-00147,Gauteng,GP,2020/21,2020-08,40,21,10,4,7,9,6,5,1,9,4
KZN_2020-21_2020-08,FEM-00148,KwaZulu-Natal,KZN,2020/21,2020-08,39,22,11,3,8,7,6,5,4,16,8
LP_2020-21_2020-08,FEM-00149,Limpopo,LP,2020/21,2020-08,20,10,4,2,4,2,4,1,3,6,3
MP_2020-21_2020-08,FEM-00150,Mpumalanga,MP,2020/21,2020-08,20,13,5,3,5,4,3,2,4,7,4
NW_2020-21_2020-08,FEM-00151,North West,NW,2020/21,2020-08,18,9,3,1,5,3,3,3,0,4,2
NC_2020-21_2020-08,FEM-00152,Northern Cape,NC,2020/21,2020-08,8,4,2,0,2,1,1,1,1,2,1
WC_2020-21_2020-08,FEM-00153,Western Cape,WC,2020/21,2020-08,48,24,12,5,7,10,9,5,0,12,6
EC_2020-21_2020-09,FEM-00154,Eastern Cape,EC,2020/21,2020-09,20,10,6,2,2,4,4,2,0,6,4
FS_2020-21_2020-09,FEM-00155,Free State,FS,2020/21,2020-09,13,6,3,1,2,2,2,1,1,4,2
GP_2020-21_2020-09,FEM-00156,Gauteng,GP,2020/21,2020-09,41,18,9,3,6,6,6,4,2,10,5
KZN_2020-21_2020-09,FEM-00157,KwaZulu-Natal,KZN,2020/21,2020-09,37,17,10,2,5,6,6,4,1,7,5
LP_2020-21_2020-09,FEM-00158,Limpopo,LP,2020/21,2020-09,20,9,6,1,2,3,2,1,3,4,3
MP_2020-21_2020-09,FEM-00159,Mpumalanga,MP,2020/21,2020-09,19,8,4,1,3,2,2,2,2,4,2
NW_2020-21_2020-09,FEM-00160,North West,NW,2020/21,2020-09,16,7,3,1,3,1,2,1,3,4,2
NC_2020-21_2020-09,FEM-00161,Northern Cape,NC,2020/21,2020-09,8,5,3,1,1,2,2,1,0,2,1
WC_2020-21_2020-09,FEM-00162,Western Cape,WC,2020/21,2020-09,53,27,14,2,11,9,9,6,3,17,9
EC_2020-21_2020-10,FEM-00163,Eastern Cape,EC,2020/21,2020-10,18,10,5,1,4,4,4,2,0,6,3
FS_2020-21_2020-10,FEM-00164,Free State,FS,2020/21,2020-10,12,6,3,1,2,2,2,1,1,4,2
GP_2020-21_2020-10,FEM-00165,Gauteng,GP,2020/21,2020-10,40,21,12,3,6,7,10,4,0,9,5
KZN_2020-21_2020-10,FEM-00166,KwaZulu-Natal,KZN,2020/21,2020-10,35,22,10,3,9,7,6,5,4,12,4
LP_2020-21_2020-10,FEM-00167,Limpopo,LP,2020/21,2020-10,19,10,6,2,2,3,4,2,1,5,2
MP_2020-21_2020-10,FEM-00168,Mpumalanga,MP,2020/21,2020-10,19,11,6,2,3,3,3,1,4,6,3
NW_2020-21_2020-10,FEM-00169,North West,NW,2020/21,2020-10,17,9,6,1,2,3,2,2,2,4,2
NC_2020-21_2020-10,FEM-00170,Northern Cape,NC,2020/21,2020-10,8,4,2,1,1,1,1,1,1,3,2
WC_2020-21_2020-10,FEM-00171,Western Cape,WC,2020/21,2020-10,44,23,13,4,6,5,7,4,7,13,6
EC_2020-21_2020-11,FEM-00172,Eastern Cape,EC,2020/21,2020-11,17,9,5,2,2,2,4,2,1,5,4
FS_2020-21_2020-11,FEM-00173,Free State,FS,2020/21,2020-11,12,6,3,1,2,2,2,1,1,3,2
GP_2020-21_2020-11,FEM-00174,Gauteng,GP,2020/21,2020-11,34,16,7,2,7,4,4,2,6,10,7
KZN_2020-21_2020-11,FEM-00175,KwaZulu-Natal,KZN,2020/21,2020-11,33,17,10,4,3,6,6,4,1,11,7
LP_2020-21_2020-11,FEM-00176,Limpopo,LP,2020/21,2020-11,18,10,6,2,2,4,3,3,0,5,3
MP_2020-21_2020-11,FEM-00177,Mpumalanga,MP,2020/21,2020-11,19,8,4,1,3,2,3,2,1,5,2
NW_2020-21_2020-11,FEM-00178,North West,NW,2020/21,2020-11,16,9,4,2,3,2,3,1,3,5,3
NC_2020-21_2020-11,FEM-00179,Northern Cape,NC,2020/21,2020-11,7,3,2,0,1,1,1,1,0,2,1
WC_2020-21_2020-11,FEM-00180,Western Cape,WC,2020/21,2020-11,49,25,13,4,8,10,10,4,1,15,10
EC_2020-21_2020-12,FEM-00181,Eastern Cape,EC,2020/21,2020-12,19,10,5,2,3,2,4,2,2,4,2
FS_2020-21_2020-12,FEM-00182,Free State,FS,2020/21,2020-12,11,5,3,1,1,1,2,1,1,2,1
GP_2020-21_2020-12,FEM-00183,Gauteng,GP,2020/21,2020-12,44,24,16,4,4,7,8,5,4,14,4
KZN_2020-21_2020-12,FEM-00184,KwaZulu-Natal,KZN,2020/21,2020-12,35,17,9,2,6,4,6,3,4,8,5
LP_2020-21_2020-12,FEM-00185,Limpopo,LP,2020/21,2020-12,20,11,5,2,4,3,3,2,3,5,3
MP_2020-21_2020-12,FEM-00186,Mpumalanga,MP,2020/21,2020-12,18,8,4,1,3,2,2,1,3,4,2
NW_2020-21_2020-12,FEM-00187,North West,NW,2020/21,2020-12,17,7,4,1,2,2,3,2,0,3,2
NC_2020-21_2020-12,FEM-00188,Northern Cape,NC,2020/21,2020-12,7,4,2,1,1,1,1,1,1,2,1
WC_2020-21_2020-12,FEM-00189,Western Cape,WC,2020/21,2020-12,51,26,16,4,6,4,6,8,8,14,7
EC_2020-21_2021-01,FEM-00190,Eastern Cape,EC,2020/21,2021-01,18,11,5,2,4,2,3,2,4,6,3
FS_2020-21_2021-01,FEM-00191,Free State,FS,2020/21,2021-01,11,6,4,1,1,1,2,1,2,4,2
GP_2020-21_2021-01,FEM-00192,Gauteng,GP,2020/21,2021-01,37,15,7,2,6,3,4,3,5,9,5
KZN_2020-21_2021-01,FEM-00193,KwaZulu-Natal,KZN,2020/21,2021-01,28,17,8,3,6,5,3,4,5,10,6
LP_2020-21_2021-01,FEM-00194,Limpopo,LP,2020/21,2021-01,21,10,6,1,3,3,3,2,2,5,3
MP_2020-21_2021-01,FEM-00195,Mpumalanga,MP,2020/21,2021-01,17,10,5,2,3,2,4,2,2,5,3
NW_2020-21_2021-01,FEM-00196,North West,NW,2020/21,2021-01,16,7,4,1,2,3,2,1,1,3,2
NC_2020-21_2021-01,FEM-00197,Northern Cape,NC,2020/21,2021-01,8,3,2,0,1,1,1,1,0,2,1
WC_2020-21_2021-01,FEM-00198,Western Cape,WC,2020/21,2021-01,53,26,12,5,9,7,9,5,5,11,6
EC_2020-21_2021-02,FEM-00199,Eastern Cape,EC,2020/21,2021-02,16,8,5,1,2,2,3,2,1,5,2
FS_2020-21_2021-02,FEM-00200,Free State,FS,2020/21,2021-02,11,6,3,1,2,2,2,1,1,3,2
GP_2020-21_2021-02,FEM-00201,Gauteng,GP,2020/21,2021-02,35,15,9,2,4,4,6,2,3,7,3
KZN_2020-21_2021-02,FEM-00202,KwaZulu-Natal,KZN,2020/21,2021-02,34,17,11,1,5,4,5,4,4,9,5
LP_2020-21_2021-02,FEM-00203,Limpopo,LP,2020/21,2021-02,16,8,4,1,3,3,3,2,0,5,3
MP_2020-21_2021-02,FEM-00204,Mpumalanga,MP,2020/21,2021-02,17,9,4,2,3,2,2,2,3,4,2
NW_2020-21_2021-02,FEM-00205,North West,NW,2020/21,2021-02,16,8,4,1,3,2,3,2,1,5,2
NC_2020-21_2021-02,FEM-00206,Northern Cape,NC,2020/21,2021-02,8,3,1,0,2,1,1,1,0,1,1
WC_2020-21_2021-02,FEM-00207,Western Cape,WC,2020/21,2021-02,45,25,13,4,8,6,9,8,2,16,8
EC_2020-21_2021-03,FEM-00208,Eastern Cape,EC,2020/21,2021-03,18,9,4,1,4,3,3,2,1,6,4
FS_2020-21_2021-03,FEM-00209,Free State,FS,2020/21,2021-03,12,7,4,1,2,2,2,1,2,5,3
GP_2020-21_2021-03,FEM-00210,Gauteng,GP,2020/21,2021-03,43,22,11,4,7,7,6,4,5,12,6
KZN_2020-21_2021-03,FEM-00211,KwaZulu-Natal,KZN,2020/21,2021-03,36,19,12,3,4,5,6,4,4,9,4
LP_2020-21_2021-03,FEM-00212,Limpopo,LP,2020/21,2021-03,18,8,5,1,2,2,2,2,2,5,3
MP_2020-21_2021-03,FEM-00213,Mpumalanga,MP,2020/21,2021-03,20,11,7,2,2,3,4,4,0,6,2
NW_2020-21_2021-03,FEM-00214,North West,NW,2020/21,2021-03,15,8,5,1,2,2,2,2,2,5,3
NC_2020-21_2021-03,FEM-00215,Northern Cape,NC,2020/21,2021-03,8,4,2,1,1,1,1,1,1,2,1
WC_2020-21_2021-03,FEM-00216,Western Cape,WC,2020/21,2021-03,47,21,14,2,5,6,8,3,4,12,8
EC_2021-22_2021-04,FEM-00217,Eastern Cape,EC,2021/22,2021-04,23,11,6,1,4,4,4,3,0,7,4
FS_2021-22_2021-04,FEM-00218,Free State,FS,2021/22,2021-04,13,6,4,1,1,2,1,1,2,3,2
GP_2021-22_2021-04,FEM-00219,Gauteng,GP,2021/22,2021-04,44,23,12,4,7,5,7,3,8,14,6
KZN_2021-22_2021-04,FEM-00220,KwaZulu-Natal,KZN,2021/22,2021-04,42,25,14,3,8,5,11,4,5,11,7
LP_2021-22_2021-04,FEM-00221,Limpopo,LP,2021/22,2021-04,22,12,8,2,2,2,4,4,2,6,3
MP_2021-22_2021-04,FEM-00222,Mpumalanga,MP,2021/22,2021-04,21,9,5,2,2,3,3,2,1,4,3
NW_2021-22_2021-04,FEM-00223,North West,NW,2021/22,2021-04,19,10,6,2,2,3,3,2,2,6,3
NC_2021-22_2021-04,FEM-00224,Northern Cape,NC,2021/22,2021-04,9,5,3,1,1,1,2,1,1,3,1
WC_2021-22_2021-04,FEM-00225,Western Cape,WC,2021/22,2021-04,52,28,16,4,8,8,6,8,6,19,7
EC_2021-22_2021-05,FEM-00226,Eastern Cape,EC,2021/22,2021-05,20,11,7,2,2,3,3,2,3,7,4
FS_2021-22_2021-05,FEM-00227,Free State,FS,2021/22,2021-05,12,7,5,1,1,2,2,2,1,4,2
GP_2021-22_2021-05,FEM-00228,Gauteng,GP,2021/22,2021-05,41,26,12,3,11,7,10,6,3,12,6
KZN_2021-22_2021-05,FEM-00229,KwaZulu-Natal,KZN,2021/22,2021-05,38,23,13,4,6,7,9,6,1,12,9
LP_2021-22_2021-05,FEM-00230,Limpopo,LP,2021/22,2021-05,23,12,8,2,2,2,4,2,4,6,3
MP_2021-22_2021-05,FEM-00231,Mpumalanga,MP,2021/22,2021-05,20,10,5,1,4,4,4,2,0,6,3
NW_2021-22_2021-05,FEM-00232,North West,NW,2021/22,2021-05,17,9,4,1,4,2,3,1,3,6,4
NC_2021-22_2021-05,FEM-00233,Northern Cape,NC,2021/22,2021-05,8,4,2,0,2,1,1,1,1,2,1
WC_2021-22_2021-05,FEM-00234,Western Cape,WC,2021/22,2021-05,63,33,18,4,11,6,11,7,9,19,9
EC_2021-22_2021-06,FEM-00235,Eastern Cape,EC,2021/22,2021-06,22,12,8,1,3,4,2,2,4,8,4
FS_2021-22_2021-06,FEM-00236,Free State,FS,2021/22,2021-06,13,7,3,2,2,3,3,1,0,4,2
GP_2021-22_2021-06,FEM-00237,Gauteng,GP,2021/22,2021-06,49,30,13,4,13,7,6,7,10,22,8
KZN_2021-22_2021-06,FEM-00238,KwaZulu-Natal,KZN,2021/22,2021-06,41,16,10,3,3,5,5,4,2,9,6
LP_2021-22_2021-06,FEM-00239,Limpopo,LP,2021/22,2021-06,23,11,5,1,5,5,4,3,0,5,3
MP_2021-22_2021-06,FEM-00240,Mpumalanga,MP,2021/22,2021-06,20,13,5,3,5,5,3,4,1,7,4
NW_2021-22_2021-06,FEM-00241,North West,NW,2021/22,2021-06,18,11,5,1,5,3,3,2,3,6,4
NC_2021-22_2021-06,FEM-00242,Northern Cape,NC,2021/22,2021-06,9,4,2,1,1,1,1,1,1,2,1
WC_2021-22_2021-06,FEM-00243,Western Cape,WC,2021/22,2021-06,58,31,16,5,10,8,9,5,9,17,8
EC_2021-22_2021-07,FEM-00244,Eastern Cape,EC,2021/22,2021-07,21,11,5,2,4,3,3,1,4,6,5
FS_2021-22_2021-07,FEM-00245,Free State,FS,2021/22,2021-07,14,8,4,1,3,3,3,1,1,5,3
GP_2021-22_2021-07,FEM-00246,Gauteng,GP,2021/22,2021-07,48,25,16,4,5,6,12,6,1,16,9
KZN_2021-22_2021-07,FEM-00247,KwaZulu-Natal,KZN,2021/22,2021-07,44,24,15,3,6,9,10,4,1,12,6
LP_2021-22_2021-07,FEM-00248,Limpopo,LP,2021/22,2021-07,23,12,4,2,6,3,6,4,0,6,3
MP_2021-22_2021-07,FEM-00249,Mpumalanga,MP,2021/22,2021-07,24,14,6,1,7,5,4,2,3,8,5
NW_2021-22_2021-07,FEM-00250,North West,NW,2021/22,2021-07,19,10,5,1,4,3,2,2,3,7,3
NC_2021-22_2021-07,FEM-00251,Northern Cape,NC,2021/22,2021-07,9,6,3,1,2,2,2,1,1,4,2
WC_2021-22_2021-07,FEM-00252,Western Cape,WC,2021/22,2021-07,58,27,13,2,12,8,5,4,10,10,5
EC_2021-22_2021-08,FEM-00253,Eastern Cape,EC,2021/22,2021-08,22,10,5,2,3,3,3,2,2,5,3
FS_2021-22_2021-08,FEM-00254,Free State,FS,2021/22,2021-08,14,6,3,1,2,2,2,1,1,4,3
GP_2021-22_2021-08,FEM-00255,Gauteng,GP,2021/22,2021-08,48,25,12,3,10,6,8,5,6,14,7
KZN_2021-22_2021-08,FEM-00256,KwaZulu-Natal,KZN,2021/22,2021-08,44,26,11,3,12,7,10,6,3,12,6
LP_2021-22_2021-08,FEM-00257,Limpopo,LP,2021/22,2021-08,23,11,6,1,4,3,4,3,1,5,3
MP_2021-22_2021-08,FEM-00258,Mpumalanga,MP,2021/22,2021-08,22,11,6,1,4,3,4,3,1,6,4
NW_2021-22_2021-08,FEM-00259,North West,NW,2021/22,2021-08,19,10,4,1,5,3,3,1,3,5,3
NC_2021-22_2021-08,FEM-00260,Northern Cape,NC,2021/22,2021-08,9,4,2,1,1,1,2,1,0,2,1
WC_2021-22_2021-08,FEM-00261,Western Cape,WC,2021/22,2021-08,60,26,15,3,8,5,8,7,6,13,5
EC_2021-22_2021-09,FEM-00262,Eastern Cape,EC,2021/22,2021-09,22,11,4,2,5,3,4,3,1,5,3
FS_2021-22_2021-09,FEM-00263,Free State,FS,2021/22,2021-09,15,7,4,1,2,2,3,1,1,3,2
GP_2021-22_2021-09,FEM-00264,Gauteng,GP,2021/22,2021-09,50,32,18,4,10,8,10,7,7,20,11
KZN_2021-22_2021-09,FEM-00265,KwaZulu-Natal,KZN,2021/22,2021-09,42,17,12,3,2,4,4,4,5,9,5
LP_2021-22_2021-09,FEM-00266,Limpopo,LP,2021/22,2021-09,24,16,7,3,6,2,6,3,5,11,5
MP_2021-22_2021-09,FEM-00267,Mpumalanga,MP,2021/22,2021-09,20,10,7,2,1,2,3,2,3,6,2
NW_2021-22_2021-09,FEM-00268,North West,NW,2021/22,2021-09,19,9,5,1,3,2,2,2,3,5,3
NC_2021-22_2021-09,FEM-00269,Northern Cape,NC,2021/22,2021-09,10,5,3,1,1,2,1,1,1,2,1
WC_2021-22_2021-09,FEM-00270,Western Cape,WC,2021/22,2021-09,63,27,15,5,7,7,10,9,1,15,9
EC_2021-22_2021-10,FEM-00271,Eastern Cape,EC,2021/22,2021-10,20,11,7,2,2,4,4,2,1,6,3
FS_2021-22_2021-10,FEM-00272,Free State,FS,2021/22,2021-10,13,6,3,1,2,2,2,1,1,3,2
GP_2021-22_2021-10,FEM-00273,Gauteng,GP,2021/22,2021-10,46,24,15,3,6,5,10,5,4,14,9
KZN_2021-22_2021-10,FEM-00274,KwaZulu-Natal,KZN,2021/22,2021-10,38,23,14,3,6,7,7,7,2,12,7
LP_2021-22_2021-10,FEM-00275,Limpopo,LP,2021/22,2021-10,23,9,4,1,4,2,3,2,2,5,3
MP_2021-22_2021-10,FEM-00276,Mpumalanga,MP,2021/22,2021-10,20,12,8,2,2,3,4,3,2,7,4
NW_2021-22_2021-10,FEM-00277,North West,NW,2021/22,2021-10,20,10,5,2,3,3,4,2,1,5,3
NC_2021-22_2021-10,FEM-00278,Northern Cape,NC,2021/22,2021-10,9,5,2,1,2,2,1,1,1,3,1
WC_2021-22_2021-10,FEM-00279,Western Cape,WC,2021/22,2021-10,53,29,20,4,5,9,8,5,7,15,8
EC_2021-22_2021-11,FEM-00280,Eastern Cape,EC,2021/22,2021-11,22,13,4,1,8,3,5,2,3,5,3
FS_2021-22_2021-11,FEM-00281,Free State,FS,2021/22,2021-11,13,5,2,1,2,1,1,1,2,2,1
GP_2021-22_2021-11,FEM-00282,Gauteng,GP,2021/22,2021-11,47,24,15,2,7,8,11,6,0,14,8
KZN_2021-22_2021-11,FEM-00283,KwaZulu-Natal,KZN,2021/22,2021-11,37,18,12,3,3,3,7,3,5,11,6
LP_2021-22_2021-11,FEM-00284,Limpopo,LP,2021/22,2021-11,20,11,5,2,4,4,3,3,1,6,3
MP_2021-22_2021-11,FEM-00285,Mpumalanga,MP,2021/22,2021-11,21,8,4,1,3,2,2,1,3,4,1
NW_2021-22_2021-11,FEM-00286,North West,NW,2021/22,2021-11,18,11,7,1,3,3,3,3,2,7,4
NC_2021-22_2021-11,FEM-00287,Northern Cape,NC,2021/22,2021-11,8,4,2,0,2,1,1,1,1,2,1
WC_2021-22_2021-11,FEM-00288,Western Cape,WC,2021/22,2021-11,50,27,15,4,8,9,6,7,5,15,8
EC_2021-22_2021-12,FEM-00289,Eastern Cape,EC,2021/22,2021-12,21,12,8,2,2,4,3,3,2,7,4
FS_2021-22_2021-12,FEM-00290,Free State,FS,2021/22,2021-12,13,8,5,1,2,2,2,1,3,4,2
GP_2021-22_2021-12,FEM-00291,Gauteng,GP,2021/22,2021-12,43,22,13,4,5,7,6,5,4,14,7
KZN_2021-22_2021-12,FEM-00292,KwaZulu-Natal,KZN,2021/22,2021-12,44,20,11,4,5,7,3,6,4,11,5
LP_2021-22_2021-12,FEM-00293,Limpopo,LP,2021/22,2021-12,23,10,5,2,3,3,4,2,1,5,3
MP_2021-22_2021-12,FEM-00294,Mpumalanga,MP,2021/22,2021-12,20,9,5,1,3,3,3,2,1,5,3
NW_2021-22_2021-12,FEM-00295,North West,NW,2021/22,2021-12,18,7,4,0,3,3,2,2,0,4,2
NC_2021-22_2021-12,FEM-00296,Northern Cape,NC,2021/22,2021-12,8,4,2,1,1,1,2,1,0,2,1
WC_2021-22_2021-12,FEM-00297,Western Cape,WC,2021/22,2021-12,55,29,16,6,7,7,8,8,6,17,12
EC_2021-22_2022-01,FEM-00298,Eastern Cape,EC,2021/22,2022-01,20,11,7,1,3,2,4,3,2,6,4
FS_2021-22_2022-01,FEM-00299,Free State,FS,2021/22,2022-01,14,8,3,2,3,2,3,1,2,5,3
GP_2021-22_2022-01,FEM-00300,Gauteng,GP,2021/22,2022-01,42,20,10,4,6,8,5,5,2,8,3
KZN_2021-22_2022-01,FEM-00301,KwaZulu-Natal,KZN,2021/22,2022-01,36,19,11,3,5,4,7,4,4,9,5
LP_2021-22_2022-01,FEM-00302,Limpopo,LP,2021/22,2022-01,21,12,8,2,2,4,3,3,2,7,3
MP_2021-22_2022-01,FEM-00303,Mpumalanga,MP,2021/22,2022-01,21,11,6,2,3,2,5,1,3,6,4
NW_2021-22_2022-01,FEM-00304,North West,NW,2021/22,2022-01,18,10,5,1,4,3,2,2,3,5,3
NC_2021-22_2022-01,FEM-00305,Northern Cape,NC,2021/22,2022-01,8,4,3,1,0,1,1,1,1,2,1
WC_2021-22_2022-01,FEM-00306,Western Cape,WC,2021/22,2022-01,53,28,17,4,7,10,11,7,0,14,6
EC_2021-22_2022-02,FEM-00307,Eastern Cape,EC,2021/22,2022-02,20,12,7,2,3,3,5,4,0,8,4
FS_2021-22_2022-02,FEM-00308,Free State,FS,2021/22,2022-02,13,8,4,1,3,2,3,1,2,4,2
GP_2021-22_2022-02,FEM-00309,Gauteng,GP,2021/22,2022-02,46,22,14,4,4,4,6,5,7,14,7
KZN_2021-22_2022-02,FEM-00310,KwaZulu-Natal,KZN,2021/22,2022-02,34,17,11,3,3,7,4,4,2,7,4
LP_2021-22_2022-02,FEM-00311,Limpopo,LP,2021/22,2022-02,22,10,5,1,4,4,3,2,1,5,3
MP_2021-22_2022-02,FEM-00312,Mpumalanga,MP,2021/22,2022-02,20,11,5,2,4,2,4,3,2,7,4
NW_2021-22_2022-02,FEM-00313,North West,NW,2021/22,2022-02,18,8,3,1,4,2,3,2,1,5,3
NC_2021-22_2022-02,FEM-00314,Northern Cape,NC,2021/22,2022-02,9,5,3,1,1,1,2,1,1,3,2
WC_2021-22_2022-02,FEM-00315,Western Cape,WC,2021/22,2022-02,55,33,19,5,9,12,11,7,3,17,9
EC_2021-22_2022-03,FEM-00316,Eastern Cape,EC,2021/22,2022-03,19,9,5,1,3,3,2,2,2,4,2
FS_2021-22_2022-03,FEM-00317,Free State,FS,2021/22,2022-03,15,7,3,1,3,3,2,1,1,4,2
GP_2021-22_2022-03,FEM-00318,Gauteng,GP,2021/22,2022-03,46,26,15,3,8,8,6,5,7,16,10
KZN_2021-22_2022-03,FEM-00319,KwaZulu-Natal,KZN,2021/22,2022-03,40,24,11,1,12,7,8,3,6,11,9
LP_2021-22_2022-03,FEM-00320,Limpopo,LP,2021/22,2022-03,23,12,7,2,3,2,4,1,5,5,3
MP_2021-22_2022-03,FEM-00321,Mpumalanga,MP,2021/22,2022-03,22,12,8,2,2,4,2,3,3,6,3
NW_2021-22_2022-03,FEM-00322,North West,NW,2021/22,2022-03,20,9,5,1,3,3,3,2,1,6,3
NC_2021-22_2022-03,FEM-00323,Northern Cape,NC,2021/22,2022-03,9,4,3,0,1,1,1,1,1,2,1
WC_2021-22_2022-03,FEM-00324,Western Cape,WC,2021/22,2022-03,57,31,17,6,8,14,11,8,0,17,9
EC_2022-23_2022-04,FEM-00325,Eastern Cape,EC,2022/23,2022-04,22,11,6,1,4,5,4,2,0,6,3
FS_2022-23_2022-04,FEM-00326,Free State,FS,2022/23,2022-04,14,7,4,1,2,2,2,2,1,4,2
GP_2022-23_2022-04,FEM-00327,Gauteng,GP,2022/23,2022-04,47,21,12,4,5,5,5,4,7,11,7
KZN_2022-23_2022-04,FEM-00328,KwaZulu-Natal,KZN,2022/23,2022-04,45,26,14,3,9,8,10,5,3,17,12
LP_2022-23_2022-04,FEM-00329,Limpopo,LP,2022/23,2022-04,26,14,6,2,6,5,2,4,3,9,5
MP_2022-23_2022-04,FEM-00330,Mpumalanga,MP,2022/23,2022-04,24,13,6,3,4,5,3,2,3,7,4
NW_2022-23_2022-04,FEM-00331,North West,NW,2022/23,2022-04,21,12,6,2,4,3,3,3,3,7,3
NC_2022-23_2022-04,FEM-00332,Northern Cape,NC,2022/23,2022-04,9,4,1,0,3,1,2,1,0,2,1
WC_2022-23_2022-04,FEM-00333,Western Cape,WC,2022/23,2022-04,60,31,17,8,6,4,11,7,9,18,9
EC_2022-23_2022-05,FEM-00334,Eastern Cape,EC,2022/23,2022-05,23,9,5,2,2,2,3,2,2,4,2
FS_2022-23_2022-05,FEM-00335,Free State,FS,2022/23,2022-05,16,10,5,2,3,3,3,2,2,4,3
GP_2022-23_2022-05,FEM-00336,Gauteng,GP,2022/23,2022-05,46,26,15,5,6,12,12,5,0,18,11
KZN_2022-23_2022-05,FEM-00337,KwaZulu-Natal,KZN,2022/23,2022-05,42,22,14,3,5,7,7,5,3,12,5
LP_2022-23_2022-05,FEM-00338,Limpopo,LP,2022/23,2022-05,23,11,5,2,4,3,3,3,2,6,3
MP_2022-23_2022-05,FEM-00339,Mpumalanga,MP,2022/23,2022-05,21,12,7,3,2,3,4,3,2,6,4
NW_2022-23_2022-05,FEM-00340,North West,NW,2022/23,2022-05,22,10,7,1,2,3,4,2,1,5,3
NC_2022-23_2022-05,FEM-00341,Northern Cape,NC,2022/23,2022-05,10,5,2,1,2,1,2,1,1,2,1
WC_2022-23_2022-05,FEM-00342,Western Cape,WC,2022/23,2022-05,66,33,17,6,10,8,10,7,8,19,11
EC_2022-23_2022-06,FEM-00343,Eastern Cape,EC,2022/23,2022-06,24,14,7,2,5,3,5,4,2,7,4
FS_2022-23_2022-06,FEM-00344,Free State,FS,2022/23,2022-06,15,8,4,1,3,2,3,3,0,4,2
GP_2022-23_2022-06,FEM-00345,Gauteng,GP,2022/23,2022-06,49,25,12,3,10,8,6,5,6,12,7
KZN_2022-23_2022-06,FEM-00346,KwaZulu-Natal,KZN,2022/23,2022-06,46,23,13,4,6,3,7,5,8,11,8
LP_2022-23_2022-06,FEM-00347,Limpopo,LP,2022/23,2022-06,24,12,6,2,4,3,3,3,3,7,6
MP_2022-23_2022-06,FEM-00348,Mpumalanga,MP,2022/23,2022-06,25,13,7,2,4,4,4,3,2,7,3
NW_2022-23_2022-06,FEM-00349,North West,NW,2022/23,2022-06,22,12,7,2,3,5,4,2,1,6,3
NC_2022-23_2022-06,FEM-00350,Northern Cape,NC,2022/23,2022-06,10,6,3,1,2,2,2,1,1,4,2
WC_2022-23_2022-06,FEM-00351,Western Cape,WC,2022/23,2022-06,59,28,11,6,11,10,7,7,4,16,11
EC_2022-23_2022-07,FEM-00352,Eastern Cape,EC,2022/23,2022-07,24,11,6,1,4,4,2,2,3,5,3
FS_2022-23_2022-07,FEM-00353,Free State,FS,2022/23,2022-07,15,9,4,2,3,4,3,1,1,4,3
GP_2022-23_2022-07,FEM-00354,Gauteng,GP,2022/23,2022-07,52,30,17,4,9,11,9,5,5,15,7
KZN_2022-23_2022-07,FEM-00355,KwaZulu-Natal,KZN,2022/23,2022-07,46,23,12,4,7,7,5,6,5,13,7
LP_2022-23_2022-07,FEM-00356,Limpopo,LP,2022/23,2022-07,25,13,8,2,3,3,4,2,4,7,4
MP_2022-23_2022-07,FEM-00357,Mpumalanga,MP,2022/23,2022-07,23,9,3,1,5,3,3,2,1,6,3
NW_2022-23_2022-07,FEM-00358,North West,NW,2022/23,2022-07,21,11,5,2,4,2,4,2,3,6,4
NC_2022-23_2022-07,FEM-00359,Northern Cape,NC,2022/23,2022-07,9,3,2,0,1,1,1,1,0,2,1
WC_2022-23_2022-07,FEM-00360,Western Cape,WC,2022/23,2022-07,68,36,20,3,13,12,12,9,3,14,8
EC_2022-23_2022-08,FEM-00361,Eastern Cape,EC,2022/23,2022-08,23,14,7,3,4,3,4,3,4,9,4
FS_2022-23_2022-08,FEM-00362,Free State,FS,2022/23,2022-08,16,9,5,1,3,3,3,2,1,4,1
GP_2022-23_2022-08,FEM-00363,Gauteng,GP,2022/23,2022-08,52,31,17,5,9,7,8,6,10,16,10
KZN_2022-23_2022-08,FEM-00364,KwaZulu-Natal,KZN,2022/23,2022-08,45,28,12,5,11,11,7,6,4,13,7
LP_2022-23_2022-08,FEM-00365,Limpopo,LP,2022/23,2022-08,27,14,7,2,5,5,5,3,1,7,4
MP_2022-23_2022-08,FEM-00366,Mpumalanga,MP,2022/23,2022-08,27,14,7,1,6,5,4,3,2,7,4
NW_2022-23_2022-08,FEM-00367,North West,NW,2022/23,2022-08,22,11,4,2,5,4,4,3,0,5,3
NC_2022-23_2022-08,FEM-00368,Northern Cape,NC,2022/23,2022-08,10,6,3,1,2,1,2,2,1,3,1
WC_2022-23_2022-08,FEM-00369,Western Cape,WC,2022/23,2022-08,64,33,17,5,11,12,8,9,4,19,10
EC_2022-23_2022-09,FEM-00370,Eastern Cape,EC,2022/23,2022-09,26,15,8,2,5,2,7,4,2,8,5
FS_2022-23_2022-09,FEM-00371,Free State,FS,2022/23,2022-09,15,9,5,2,2,2,3,2,2,5,3
GP_2022-23_2022-09,FEM-00372,Gauteng,GP,2022/23,2022-09,55,27,14,3,10,4,7,6,10,12,7
KZN_2022-23_2022-09,FEM-00373,KwaZulu-Natal,KZN,2022/23,2022-09,50,19,12,4,3,5,6,3,5,11,7
LP_2022-23_2022-09,FEM-00374,Limpopo,LP,2022/23,2022-09,24,12,7,2,3,4,3,2,3,7,4
MP_2022-23_2022-09,FEM-00375,Mpumalanga,MP,2022/23,2022-09,26,13,7,2,4,3,2,2,6,8,6
NW_2022-23_2022-09,FEM-00376,North West,NW,2022/23,2022-09,21,11,6,1,4,4,5,2,0,6,3
NC_2022-23_2022-09,FEM-00377,Northern Cape,NC,2022/23,2022-09,10,6,4,1,1,2,2,1,1,4,2
WC_2022-23_2022-09,FEM-00378,Western Cape,WC,2022/23,2022-09,64,33,14,4,15,6,12,8,7,14,10
EC_2022-23_2022-10,FEM-00379,Eastern Cape,EC,2022/23,2022-10,26,16,9,2,5,3,5,3,5,9,4
FS_2022-23_2022-10,FEM-00380,Free State,FS,2022/23,2022-10,14,8,4,2,2,3,2,1,2,4,2
GP_2022-23_2022-10,FEM-00381,Gauteng,GP,2022/23,2022-10,50,27,13,6,8,8,6,7,6,16,9
KZN_2022-23_2022-10,FEM-00382,KwaZulu-Natal,KZN,2022/23,2022-10,43,20,10,3,7,4,3,4,9,11,6
LP_2022-23_2022-10,FEM-00383,Limpopo,LP,2022/23,2022-10,24,15,7,2,6,5,4,3,3,6,2
MP_2022-23_2022-10,FEM-00384,Mpumalanga,MP,2022/23,2022-10,23,14,6,2,6,3,5,3,3,7,4
NW_2022-23_2022-10,FEM-00385,North West,NW,2022/23,2022-10,21,11,6,1,4,5,3,3,0,5,3
NC_2022-23_2022-10,FEM-00386,Northern Cape,NC,2022/23,2022-10,9,5,3,1,1,2,2,2,0,2,1
WC_2022-23_2022-10,FEM-00387,Western Cape,WC,2022/23,2022-10,54,27,15,3,9,8,8,5,6,19,13
EC_2022-23_2022-11,FEM-00388,Eastern Cape,EC,2022/23,2022-11,21,11,5,1,5,4,3,3,1,5,3
FS_2022-23_2022-11,FEM-00389,Free State,FS,2022/23,2022-11,14,7,4,1,2,2,2,1,2,4,2
GP_2022-23_2022-11,FEM-00390,Gauteng,GP,2022/23,2022-11,45,19,7,3,9,5,10,3,1,9,4
KZN_2022-23_2022-11,FEM-00391,KwaZulu-Natal,KZN,2022/23,2022-11,42,21,11,3,7,8,8,4,1,9,4
LP_2022-23_2022-11,FEM-00392,Limpopo,LP,2022/23,2022-11,22,12,5,2,5,3,2,3,4,6,3
MP_2022-23_2022-11,FEM-00393,Mpumalanga,MP,2022/23,2022-11,20,9,3,1,5,2,3,1,3,4,2
NW_2022-23_2022-11,FEM-00394,North West,NW,2022/23,2022-11,20,10,6,1,3,3,3,1,3,7,3
NC_2022-23_2022-11,FEM-00395,Northern Cape,NC,2022/23,2022-11,9,4,2,0,2,1,1,1,1,2,1
WC_2022-23_2022-11,FEM-00396,Western Cape,WC,2022/23,2022-11,58,31,11,7,13,10,12,4,5,20,15
EC_2022-23_2022-12,FEM-00397,Eastern Cape,EC,2022/23,2022-12,22,13,5,1,7,4,4,2,3,8,5
FS_2022-23_2022-12,FEM-00398,Free State,FS,2022/23,2022-12,16,8,3,2,3,2,3,2,1,5,2
GP_2022-23_2022-12,FEM-00399,Gauteng,GP,2022/23,2022-12,53,30,16,5,9,6,13,10,1,17,12
KZN_2022-23_2022-12,FEM-00400,KwaZulu-Natal,KZN,2022/23,2022-12,42,19,11,4,4,6,7,3,3,11,5
LP_2022-23_2022-12,FEM-00401,Limpopo,LP,2022/23,2022-12,23,10,6,1,3,3,3,2,2,6,4
MP_2022-23_2022-12,FEM-00402,Mpumalanga,MP,2022/23,2022-12,24,16,8,2,6,5,6,2,3,6,3
NW_2022-23_2022-12,FEM-00403,North West,NW,2022/23,2022-12,19,8,5,1,2,3,3,3,0,4,2
NC_2022-23_2022-12,FEM-00404,Northern Cape,NC,2022/23,2022-12,9,4,2,1,1,2,1,1,0,3,2
WC_2022-23_2022-12,FEM-00405,Western Cape,WC,2022/23,2022-12,65,38,23,5,10,12,8,9,9,22,16
EC_2022-23_2023-01,FEM-00406,Eastern Cape,EC,2022/23,2023-01,21,12,6,2,4,3,3,2,4,7,4
FS_2022-23_2023-01,FEM-00407,Free State,FS,2022/23,2023-01,15,8,4,1,3,2,3,1,2,5,2
GP_2022-23_2023-01,FEM-00408,Gauteng,GP,2022/23,2023-01,54,30,14,4,12,6,11,5,8,18,9
KZN_2022-23_2023-01,FEM-00409,KwaZulu-Natal,KZN,2022/23,2023-01,42,26,12,2,12,8,7,8,3,14,7
LP_2022-23_2023-01,FEM-00410,Limpopo,LP,2022/23,2023-01,23,12,7,2,3,3,4,2,3,5,3
MP_2022-23_2023-01,FEM-00411,Mpumalanga,MP,2022/23,2023-01,24,11,6,1,4,3,4,2,2,5,4
NW_2022-23_2023-01,FEM-00412,North West,NW,2022/23,2023-01,20,10,4,2,4,3,3,2,2,7,4
NC_2022-23_2023-01,FEM-00413,Northern Cape,NC,2022/23,2023-01,10,6,3,1,2,2,1,1,2,4,1
WC_2022-23_2023-01,FEM-00414,Western Cape,WC,2022/23,2023-01,58,38,26,4,8,15,11,9,3,21,10
EC_2022-23_2023-02,FEM-00415,Eastern Cape,EC,2022/23,2023-02,24,11,6,2,3,4,3,2,2,8,5
FS_2022-23_2023-02,FEM-00416,Free State,FS,2022/23,2023-02,14,7,2,1,4,2,2,2,1,3,2
GP_2022-23_2023-02,FEM-00417,Gauteng,GP,2022/23,2023-02,47,26,10,5,11,6,7,9,4,15,8
KZN_2022-23_2023-02,FEM-00418,KwaZulu-Natal,KZN,2022/23,2023-02,40,20,11,3,6,6,6,5,3,13,8
LP_2022-23_2023-02,FEM-00419,Limpopo,LP,2022/23,2023-02,24,12,5,2,5,3,4,3,2,8,4
MP_2022-23_2023-02,FEM-00420,Mpumalanga,MP,2022/23,2023-02,21,12,7,1,4,4,3,2,3,6,3
NW_2022-23_2023-02,FEM-00421,North West,NW,2022/23,2023-02,19,11,6,2,3,3,4,2,2,7,5
NC_2022-23_2023-02,FEM-00422,Northern Cape,NC,2022/23,2023-02,10,5,3,1,1,1,1,1,2,3,2
WC_2022-23_2023-02,FEM-00423,Western Cape,WC,2022/23,2023-02,62,31,17,5,9,7,9,7,8,17,9
EC_2022-23_2023-03,FEM-00424,Eastern Cape,EC,2022/23,2023-03,24,11,6,1,4,3,5,2,1,4,2
FS_2022-23_2023-03,FEM-00425,Free State,FS,2022/23,2023-03,16,6,3,1,2,2,2,2,0,4,2
GP_2022-23_2023-03,FEM-00426,Gauteng,GP,2022/23,2023-03,55,27,14,5,8,10,8,4,5,17,11
KZN_2022-23_2023-03,FEM-00427,KwaZulu-Natal,KZN,2022/23,2023-03,41,18,11,2,5,5,5,4,4,11,7
LP_2022-23_2023-03,FEM-00428,Limpopo,LP,2022/23,2023-03,27,11,6,2,3,3,2,3,3,6,3
MP_2022-23_2023-03,FEM-00429,Mpumalanga,MP,2022/23,2023-03,22,13,8,2,3,3,2,2,6,6,3
NW_2022-23_2023-03,FEM-00430,North West,NW,2022/23,2023-03,20,9,5,2,2,2,2,2,3,3,2
NC_2022-23_2023-03,FEM-00431,Northern Cape,NC,2022/23,2023-03,10,6,3,1,2,2,1,1,2,4,2
WC_2022-23_2023-03,FEM-00432,Western Cape,WC,2022/23,2023-03,65,34,12,3,19,11,13,6,4,18,10
EC_2023-24_2023-04,FEM-00433,Eastern Cape,EC,2023/24,2023-04,23,10,6,2,2,3,2,3,2,6,3
FS_2023-24_2023-04,FEM-00434,Free State,FS,2023/24,2023-04,16,9,4,2,3,2,4,2,1,4,3
GP_2023-24_2023-04,FEM-00435,Gauteng,GP,2023/24,2023-04,57,30,9,5,16,8,9,6,7,18,12
KZN_2023-24_2023-04,FEM-00436,KwaZulu-Natal,KZN,2023/24,2023-04,45,28,18,3,7,9,7,7,5,14,6
LP_2023-24_2023-04,FEM-00437,Limpopo,LP,2023/24,2023-04,24,11,6,2,3,3,4,3,1,5,3
MP_2023-24_2023-04,FEM-00438,Mpumalanga,MP,2023/24,2023-04,22,11,7,2,2,4,5,2,0,6,4
NW_2023-24_2023-04,FEM-00439,North West,NW,2023/24,2023-04,20,9,5,1,3,2,3,2,2,4,3
NC_2023-24_2023-04,FEM-00440,Northern Cape,NC,2023/24,2023-04,10,6,3,0,3,2,2,1,1,2,1
WC_2023-24_2023-04,FEM-00441,Western Cape,WC,2023/24,2023-04,61,32,15,5,12,10,12,5,5,23,14
EC_2023-24_2023-05,FEM-00442,Eastern Cape,EC,2023/24,2023-05,24,13,7,2,4,2,4,4,3,7,4
FS_2023-24_2023-05,FEM-00443,Free State,FS,2023/24,2023-05,14,6,3,1,2,1,3,1,1,3,1
GP_2023-24_2023-05,FEM-00444,Gauteng,GP,2023/24,2023-05,57,27,15,3,9,11,6,8,2,15,9
KZN_2023-24_2023-05,FEM-00445,KwaZulu-Natal,KZN,2023/24,2023-05,46,23,13,4,6,7,6,5,5,13,8
LP_2023-24_2023-05,FEM-00446,Limpopo,LP,2023/24,2023-05,26,15,8,2,5,4,4,3,4,6,3
MP_2023-24_2023-05,FEM-00447,Mpumalanga,MP,2023/24,2023-05,24,14,6,2,6,5,4,2,3,6,3
NW_2023-24_2023-05,FEM-00448,North West,NW,2023/24,2023-05,20,12,7,1,4,4,5,3,0,8,5
NC_2023-24_2023-05,FEM-00449,Northern Cape,NC,2023/24,2023-05,10,5,2,1,2,2,1,1,1,2,1
WC_2023-24_2023-05,FEM-00450,Western Cape,WC,2023/24,2023-05,67,29,12,3,14,6,7,7,9,15,8
EC_2023-24_2023-06,FEM-00451,Eastern Cape,EC,2023/24,2023-06,25,14,10,2,2,5,4,3,2,10,3
FS_2023-24_2023-06,FEM-00452,Free State,FS,2023/24,2023-06,17,7,3,1,3,2,3,2,0,4,2
GP_2023-24_2023-06,FEM-00453,Gauteng,GP,2023/24,2023-06,56,25,11,4,10,7,7,7,4,13,7
KZN_2023-24_2023-06,FEM-00454,KwaZulu-Natal,KZN,2023/24,2023-06,50,19,13,2,4,5,5,5,4,10,4
LP_2023-24_2023-06,FEM-00455,Limpopo,LP,2023/24,2023-06,25,11,6,1,4,5,5,2,0,7,4
MP_2023-24_2023-06,FEM-00456,Mpumalanga,MP,2023/24,2023-06,23,10,5,2,3,2,4,1,3,5,3
NW_2023-24_2023-06,FEM-00457,North West,NW,2023/24,2023-06,20,11,8,1,2,2,3,2,4,5,3
NC_2023-24_2023-06,FEM-00458,Northern Cape,NC,2023/24,2023-06,11,7,4,1,2,2,3,1,1,4,2
WC_2023-24_2023-06,FEM-00459,Western Cape,WC,2023/24,2023-06,68,32,16,3,13,9,10,6,7,17,10
EC_2023-24_2023-07,FEM-00460,Eastern Cape,EC,2023/24,2023-07,23,10,6,1,3,2,3,2,3,5,2
FS_2023-24_2023-07,FEM-00461,Free State,FS,2023/24,2023-07,17,8,4,1,3,1,3,1,3,5,3
GP_2023-24_2023-07,FEM-00462,Gauteng,GP,2023/24,2023-07,50,27,13,2,12,5,8,4,10,15,7
KZN_2023-24_2023-07,FEM-00463,KwaZulu-Natal,KZN,2023/24,2023-07,47,23,11,2,10,6,9,7,1,14,5
LP_2023-24_2023-07,FEM-00464,Limpopo,LP,2023/24,2023-07,27,12,6,1,5,2,4,4,2,9,5
MP_2023-24_2023-07,FEM-00465,Mpumalanga,MP,2023/24,2023-07,27,14,7,3,4,3,4,4,3,9,6
NW_2023-24_2023-07,FEM-00466,North West,NW,2023/24,2023-07,22,11,5,1,5,3,2,4,2,6,3
NC_2023-24_2023-07,FEM-00467,Northern Cape,NC,2023/24,2023-07,11,5,3,1,1,2,1,1,1,3,2
WC_2023-24_2023-07,FEM-00468,Western Cape,WC,2023/24,2023-07,73,42,25,6,11,13,13,7,9,27,15
EC_2023-24_2023-08,FEM-00469,Eastern Cape,EC,2023/24,2023-08,27,12,5,2,5,2,3,3,4,6,4
FS_2023-24_2023-08,FEM-00470,Free State,FS,2023/24,2023-08,17,9,4,2,3,2,3,2,2,4,2
GP_2023-24_2023-08,FEM-00471,Gauteng,GP,2023/24,2023-08,59,31,21,6,4,12,11,6,2,17,10
KZN_2023-24_2023-08,FEM-00472,KwaZulu-Natal,KZN,2023/24,2023-08,46,20,12,4,4,7,7,6,0,12,6
LP_2023-24_2023-08,FEM-00473,Limpopo,LP,2023/24,2023-08,29,12,6,2,4,3,5,2,2,8,5
MP_2023-24_2023-08,FEM-00474,Mpumalanga,MP,2023/24,2023-08,25,13,7,2,4,3,2,3,5,5,3
NW_2023-24_2023-08,FEM-00475,North West,NW,2023/24,2023-08,22,11,5,2,4,3,3,2,3,6,4
NC_2023-24_2023-08,FEM-00476,Northern Cape,NC,2023/24,2023-08,10,6,3,1,2,2,2,1,1,3,2
WC_2023-24_2023-08,FEM-00477,Western Cape,WC,2023/24,2023-08,60,23,15,3,5,8,8,4,3,14,7
EC_2023-24_2023-09,FEM-00478,Eastern Cape,EC,2023/24,2023-09,23,13,5,2,6,4,6,3,0,8,4
FS_2023-24_2023-09,FEM-00479,Free State,FS,2023/24,2023-09,16,7,3,1,3,2,2,2,1,3,2
GP_2023-24_2023-09,FEM-00480,Gauteng,GP,2023/24,2023-09,53,27,16,5,6,8,9,6,4,19,8
KZN_2023-24_2023-09,FEM-00481,KwaZulu-Natal,KZN,2023/24,2023-09,47,29,12,6,11,13,8,5,3,15,8
LP_2023-24_2023-09,FEM-00482,Limpopo,LP,2023/24,2023-09,27,14,10,2,2,3,4,3,4,8,5
MP_2023-24_2023-09,FEM-00483,Mpumalanga,MP,2023/24,2023-09,25,13,6,1,6,4,4,2,3,6,4
NW_2023-24_2023-09,FEM-00484,North West,NW,2023/24,2023-09,21,12,7,2,3,5,4,3,0,6,5
NC_2023-24_2023-09,FEM-00485,Northern Cape,NC,2023/24,2023-09,11,6,3,1,2,1,2,2,1,3,2
WC_2023-24_2023-09,FEM-00486,Western Cape,WC,2023/24,2023-09,64,41,22,8,11,8,16,11,6,25,14
EC_2023-24_2023-10,FEM-00487,Eastern Cape,EC,2023/24,2023-10,20,9,4,2,3,2,2,2,3,5,3
FS_2023-24_2023-10,FEM-00488,Free State,FS,2023/24,2023-10,14,7,3,1,3,3,2,2,0,4,1
GP_2023-24_2023-10,FEM-00489,Gauteng,GP,2023/24,2023-10,53,29,12,4,13,13,10,10,0,19,11
KZN_2023-24_2023-10,FEM-00490,KwaZulu-Natal,KZN,2023/24,2023-10,46,26,12,3,11,5,7,4,10,12,8
LP_2023-24_2023-10,FEM-00491,Limpopo,LP,2023/24,2023-10,24,12,5,3,4,3,4,3,2,6,4
MP_2023-24_2023-10,FEM-00492,Mpumalanga,MP,2023/24,2023-10,26,13,5,2,6,5,4,3,1,8,5
NW_2023-24_2023-10,FEM-00493,North West,NW,2023/24,2023-10,22,12,7,2,3,4,4,2,2,6,3
NC_2023-24_2023-10,FEM-00494,Northern Cape,NC,2023/24,2023-10,9,5,3,1,1,2,1,1,1,2,1
WC_2023-24_2023-10,FEM-00495,Western Cape,WC,2023/24,2023-10,68,32,17,4,11,8,10,5,9,20,7
EC_2023-24_2023-11,FEM-00496,Eastern Cape,EC,2023/24,2023-11,23,13,6,2,5,4,3,3,3,6,4
FS_2023-24_2023-11,FEM-00497,Free State,FS,2023/24,2023-11,17,8,5,1,2,2,3,1,2,5,2
GP_2023-24_2023-11,FEM-00498,Gauteng,GP,2023/24,2023-11,47,21,9,5,7,5,6,4,6,11,7
KZN_2023-24_2023-11,FEM-00499,KwaZulu-Natal,KZN,2023/24,2023-11,45,24,16,3,5,6,8,5,5,13,7
LP_2023-24_2023-11,FEM-00500,Limpopo,LP,2023/24,2023-11,24,12,6,1,5,3,3,4,2,4,2
MP_2023-24_2023-11,FEM-00501,Mpumalanga,MP,2023/24,2023-11,25,12,6,2,4,5,6,3,0,6,3
NW_2023-24_2023-11,FEM-00502,North West,NW,2023/24,2023-11,22,12,7,2,3,3,5,2,2,5,2
NC_2023-24_2023-11,FEM-00503,Northern Cape,NC,2023/24,2023-11,10,4,2,1,1,1,1,1,1,3,2
WC_2023-24_2023-11,FEM-00504,Western Cape,WC,2023/24,2023-11,64,27,12,5,10,8,11,6,2,13,7
EC_2023-24_2023-12,FEM-00505,Eastern Cape,EC,2023/24,2023-12,22,10,6,1,3,2,3,2,3,7,3
FS_2023-24_2023-12,FEM-00506,Free State,FS,2023/24,2023-12,14,7,4,1,2,2,2,2,1,4,2
GP_2023-24_2023-12,FEM-00507,Gauteng,GP,2023/24,2023-12,52,24,15,4,5,7,7,6,4,12,7
KZN_2023-24_2023-12,FEM-00508,KwaZulu-Natal,KZN,2023/24,2023-12,43,20,10,4,6,4,6,6,4,9,5
LP_2023-24_2023-12,FEM-00509,Limpopo,LP,2023/24,2023-12,25,14,6,2,6,5,4,4,1,8,6
MP_2023-24_2023-12,FEM-00510,Mpumalanga,MP,2023/24,2023-12,23,11,6,2,3,3,2,4,2,5,2
NW_2023-24_2023-12,FEM-00511,North West,NW,2023/24,2023-12,22,9,5,1,3,3,3,2,1,5,3
NC_2023-24_2023-12,FEM-00512,Northern Cape,NC,2023/24,2023-12,10,5,3,1,1,1,1,0,3,2,1
WC_2023-24_2023-12,FEM-00513,Western Cape,WC,2023/24,2023-12,66,36,18,5,13,11,10,11,4,19,12
EC_2023-24_2024-01,FEM-00514,Eastern Cape,EC,2023/24,2024-01,25,12,7,1,4,3,5,3,1,6,3
FS_2023-24_2024-01,FEM-00515,Free State,FS,2023/24,2024-01,15,9,5,1,3,2,4,2,1,5,4
GP_2023-24_2024-01,FEM-00516,Gauteng,GP,2023/24,2024-01,46,23,12,4,7,4,11,6,2,13,8
KZN_2023-24_2024-01,FEM-00517,KwaZulu-Natal,KZN,2023/24,2024-01,45,24,14,5,5,7,8,6,3,12,7
LP_2023-24_2024-01,FEM-00518,Limpopo,LP,2023/24,2024-01,24,11,6,2,3,3,5,1,2,7,5
MP_2023-24_2024-01,FEM-00519,Mpumalanga,MP,2023/24,2024-01,24,11,6,1,4,3,4,2,2,8,5
NW_2023-24_2024-01,FEM-00520,North West,NW,2023/24,2024-01,21,10,5,2,3,4,2,2,2,6,2
NC_2023-24_2024-01,FEM-00521,Northern Cape,NC,2023/24,2024-01,9,6,4,0,2,2,2,1,1,3,2
WC_2023-24_2024-01,FEM-00522,Western Cape,WC,2023/24,2024-01,62,30,17,6,7,11,9,6,4,17,7
EC_2023-24_2024-02,FEM-00523,Eastern Cape,EC,2023/24,2024-02,24,12,6,2,4,3,3,3,3,6,4
FS_2023-24_2024-02,FEM-00524,Free State,FS,2023/24,2024-02,16,9,5,1,3,2,2,2,3,3,2
GP_2023-24_2024-02,FEM-00525,Gauteng,GP,2023/24,2024-02,56,32,14,6,12,12,14,11,0,15,12
KZN_2023-24_2024-02,FEM-00526,KwaZulu-Natal,KZN,2023/24,2024-02,43,26,14,4,8,8,10,4,4,16,8
LP_2023-24_2024-02,FEM-00527,Limpopo,LP,2023/24,2024-02,26,13,5,2,6,2,3,3,5,6,4
MP_2023-24_2024-02,FEM-00528,Mpumalanga,MP,2023/24,2024-02,23,12,7,2,3,3,3,2,4,6,4
NW_2023-24_2024-02,FEM-00529,North West,NW,2023/24,2024-02,23,12,7,1,4,4,5,3,0,8,4
NC_2023-24_2024-02,FEM-00530,Northern Cape,NC,2023/24,2024-02,9,4,2,1,1,1,2,1,0,3,2
WC_2023-24_2024-02,FEM-00531,Western Cape,WC,2023/24,2024-02,61,40,21,5,14,9,17,7,7,24,12
EC_2023-24_2024-03,FEM-00532,Eastern Cape,EC,2023/24,2024-03,25,12,6,2,4,4,3,3,2,7,3
FS_2023-24_2024-03,FEM-00533,Free State,FS,2023/24,2024-03,15,7,4,1,2,3,2,2,0,4,2
GP_2023-24_2024-03,FEM-00534,Gauteng,GP,2023/24,2024-03,60,31,18,6,7,10,10,9,2,16,10
KZN_2023-24_2024-03,FEM-00535,KwaZulu-Natal,KZN,2023/24,2024-03,46,22,15,4,3,3,6,3,10,10,3
LP_2023-24_2024-03,FEM-00536,Limpopo,LP,2023/24,2024-03,25,15,9,2,4,6,3,2,4,8,6
MP_2023-24_2024-03,FEM-00537,Mpumalanga,MP,2023/24,2024-03,24,11,5,2,4,2,3,2,4,6,3
NW_2023-24_2024-03,FEM-00538,North West,NW,2023/24,2024-03,22,9,5,1,3,3,4,2,0,5,3
NC_2023-24_2024-03,FEM-00539,Northern Cape,NC,2023/24,2024-03,11,6,3,1,2,1,2,1,2,4,2
WC_2023-24_2024-03,FEM-00540,Western Cape,WC,2023/24,2024-03,64,33,16,5,12,15,13,9,0,19,11
EC_2024-25_2024-04,FEM-00541,Eastern Cape,EC,2024/25,2024-04,21,12,7,2,3,3,2,2,5,5,2
FS_2024-25_2024-04,FEM-00542,Free State,FS,2024/25,2024-04,15,8,4,1,3,3,3,1,1,4,2
GP_2024-25_2024-04,FEM-00543,Gauteng,GP,2024/25,2024-04,52,29,12,5,12,7,7,4,11,15,10
KZN_2024-25_2024-04,FEM-00544,KwaZulu-Natal,KZN,2024/25,2024-04,46,23,9,4,10,6,7,4,6,13,6
LP_2024-25_2024-04,FEM-00545,Limpopo,LP,2024/25,2024-04,26,15,7,2,6,4,6,3,2,7,4
MP_2024-25_2024-04,FEM-00546,Mpumalanga,MP,2024/25,2024-04,26,14,8,2,4,3,5,4,2,8,5
NW_2024-25_2024-04,FEM-00547,North West,NW,2024/25,2024-04,21,14,10,2,2,2,6,3,3,7,4
NC_2024-25_2024-04,FEM-00548,Northern Cape,NC,2024/25,2024-04,10,5,2,1,2,1,2,1,1,3,1
WC_2024-25_2024-04,FEM-00549,Western Cape,WC,2024/25,2024-04,61,40,20,7,13,11,7,5,17,20,13
EC_2024-25_2024-05,FEM-00550,Eastern Cape,EC,2024/25,2024-05,25,13,8,2,3,2,4,3,4,10,6
FS_2024-25_2024-05,FEM-00551,Free State,FS,2024/25,2024-05,15,8,4,1,3,2,3,2,1,4,1
GP_2024-25_2024-05,FEM-00552,Gauteng,GP,2024/25,2024-05,52,25,12,3,10,8,12,6,0,12,8
KZN_2024-25_2024-05,FEM-00553,KwaZulu-Natal,KZN,2024/25,2024-05,46,21,10,2,9,6,10,5,0,15,10
LP_2024-25_2024-05,FEM-00554,Limpopo,LP,2024/25,2024-05,28,13,7,2,4,4,3,4,2,6,3
MP_2024-25_2024-05,FEM-00555,Mpumalanga,MP,2024/25,2024-05,24,14,6,2,6,2,3,4,5,10,6
NW_2024-25_2024-05,FEM-00556,North West,NW,2024/25,2024-05,22,12,7,2,3,4,3,2,3,7,4
NC_2024-25_2024-05,FEM-00557,Northern Cape,NC,2024/25,2024-05,10,5,3,1,1,1,1,1,2,3,2
WC_2024-25_2024-05,FEM-00558,Western Cape,WC,2024/25,2024-05,67,30,15,6,9,9,10,7,4,20,11
EC_2024-25_2024-06,FEM-00559,Eastern Cape,EC,2024/25,2024-06,23,11,7,2,2,3,4,2,2,7,4
FS_2024-25_2024-06,FEM-00560,Free State,FS,2024/25,2024-06,15,9,5,1,3,3,3,2,1,5,3
GP_2024-25_2024-06,FEM-00561,Gauteng,GP,2024/25,2024-06,55,23,11,3,9,6,9,4,4,13,6
KZN_2024-25_2024-06,FEM-00562,KwaZulu-Natal,KZN,2024/25,2024-06,46,22,10,4,8,6,8,4,4,9,4
LP_2024-25_2024-06,FEM-00563,Limpopo,LP,2024/25,2024-06,25,13,7,2,4,3,5,3,2,6,3
MP_2024-25_2024-06,FEM-00564,Mpumalanga,MP,2024/25,2024-06,24,11,5,1,5,4,4,2,1,5,4
NW_2024-25_2024-06,FEM-00565,North West,NW,2024/25,2024-06,20,12,5,2,5,3,5,2,2,6,4
NC_2024-25_2024-06,FEM-00566,Northern Cape,NC,2024/25,2024-06,10,6,3,1,2,2,2,1,1,4,2
WC_2024-25_2024-06,FEM-00567,Western Cape,WC,2024/25,2024-06,68,40,16,8,16,18,11,13,0,21,9
EC_2024-25_2024-07,FEM-00568,Eastern Cape,EC,2024/25,2024-07,25,13,7,2,4,4,3,4,2,6,4
FS_2024-25_2024-07,FEM-00569,Free State,FS,2024/25,2024-07,16,9,5,1,3,2,2,2,3,6,4
GP_2024-25_2024-07,FEM-00570,Gauteng,GP,2024/25,2024-07,57,27,14,4,9,11,9,8,0,14,7
KZN_2024-25_2024-07,FEM-00571,KwaZulu-Natal,KZN,2024/25,2024-07,44,29,15,6,8,7,10,8,4,16,5
LP_2024-25_2024-07,FEM-00572,Limpopo,LP,2024/25,2024-07,27,15,9,2,4,5,5,3,2,6,4
MP_2024-25_2024-07,FEM-00573,Mpumalanga,MP,2024/25,2024-07,25,10,5,1,4,4,2,3,1,6,3
NW_2024-25_2024-07,FEM-00574,North West,NW,2024/25,2024-07,22,14,8,2,4,5,3,4,2,5,2
NC_2024-25_2024-07,FEM-00575,Northern Cape,NC,2024/25,2024-07,10,6,4,1,1,1,2,1,2,4,3
WC_2024-25_2024-07,FEM-00576,Western Cape,WC,2024/25,2024-07,68,42,26,4,12,8,17,7,10,25,12
EC_2024-25_2024-08,FEM-00577,Eastern Cape,EC,2024/25,2024-08,27,14,8,1,5,3,5,3,3,8,5
FS_2024-25_2024-08,FEM-00578,Free State,FS,2024/25,2024-08,16,9,6,1,2,3,2,2,2,5,3
GP_2024-25_2024-08,FEM-00579,Gauteng,GP,2024/25,2024-08,61,33,19,3,11,7,10,4,12,20,13
KZN_2024-25_2024-08,FEM-00580,KwaZulu-Natal,KZN,2024/25,2024-08,48,26,14,4,8,9,12,4,1,14,6
LP_2024-25_2024-08,FEM-00581,Limpopo,LP,2024/25,2024-08,29,16,10,2,4,4,4,3,5,8,5
MP_2024-25_2024-08,FEM-00582,Mpumalanga,MP,2024/25,2024-08,27,14,8,2,4,4,7,4,0,8,4
NW_2024-25_2024-08,FEM-00583,North West,NW,2024/25,2024-08,22,11,7,1,3,3,5,2,1,7,5
NC_2024-25_2024-08,FEM-00584,Northern Cape,NC,2024/25,2024-08,10,6,3,1,2,2,2,1,1,3,2
WC_2024-25_2024-08,FEM-00585,Western Cape,WC,2024/25,2024-08,71,38,20,7,11,10,16,7,5,23,16
EC_2024-25_2024-09,FEM-00586,Eastern Cape,EC,2024/25,2024-09,23,14,6,1,7,4,5,3,2,8,4
FS_2024-25_2024-09,FEM-00587,Free State,FS,2024/25,2024-09,14,8,5,2,1,2,2,2,2,5,3
GP_2024-25_2024-09,FEM-00588,Gauteng,GP,2024/25,2024-09,48,25,15,4,6,7,7,6,5,15,9
KZN_2024-25_2024-09,FEM-00589,KwaZulu-Natal,KZN,2024/25,2024-09,49,26,15,3,8,7,7,5,7,16,10
LP_2024-25_2024-09,FEM-00590,Limpopo,LP,2024/25,2024-09,26,13,7,2,4,3,4,3,3,7,4
MP_2024-25_2024-09,FEM-00591,Mpumalanga,MP,2024/25,2024-09,26,14,6,1,7,4,4,3,3,6,4
NW_2024-25_2024-09,FEM-00592,North West,NW,2024/25,2024-09,23,10,5,2,3,3,3,2,2,6,3
NC_2024-25_2024-09,FEM-00593,Northern Cape,NC,2024/25,2024-09,9,5,3,1,1,1,2,1,1,2,1
WC_2024-25_2024-09,FEM-00594,Western Cape,WC,2024/25,2024-09,75,35,19,5,11,8,13,5,9,21,13
EC_2024-25_2024-10,FEM-00595,Eastern Cape,EC,2024/25,2024-10,23,11,4,2,5,4,4,2,1,6,3
FS_2024-25_2024-10,FEM-00596,Free State,FS,2024/25,2024-10,15,8,4,1,3,2,2,3,1,5,3
GP_2024-25_2024-10,FEM-00597,Gauteng,GP,2024/25,2024-10,58,31,17,5,9,9,7,5,10,16,8
KZN_2024-25_2024-10,FEM-00598,KwaZulu-Natal,KZN,2024/25,2024-10,46,25,13,4,8,4,7,6,8,15,10
LP_2024-25_2024-10,FEM-00599,Limpopo,LP,2024/25,2024-10,26,13,8,2,3,3,5,3,2,8,4
MP_2024-25_2024-10,FEM-00600,Mpumalanga,MP,2024/25,2024-10,25,13,5,2,6,4,5,4,0,6,4
NW_2024-25_2024-10,FEM-00601,North West,NW,2024/25,2024-10,22,13,7,3,3,4,3,1,5,7,4
NC_2024-25_2024-10,FEM-00602,Northern Cape,NC,2024/25,2024-10,9,4,2,1,1,1,1,1,1,2,1
WC_2024-25_2024-10,FEM-00603,Western Cape,WC,2024/25,2024-10,64,38,22,6,10,11,13,9,5,15,8
EC_2024-25_2024-11,FEM-00604,Eastern Cape,EC,2024/25,2024-11,22,11,6,1,4,3,3,2,3,5,3
FS_2024-25_2024-11,FEM-00605,Free State,FS,2024/25,2024-11,15,8,5,1,2,3,2,1,2,5,4
GP_2024-25_2024-11,FEM-00606,Gauteng,GP,2024/25,2024-11,53,27,15,6,6,7,12,9,0,15,7
KZN_2024-25_2024-11,FEM-00607,KwaZulu-Natal,KZN,2024/25,2024-11,44,20,11,3,6,5,8,5,2,13,6
LP_2024-25_2024-11,FEM-00608,Limpopo,LP,2024/25,2024-11,24,14,7,2,5,5,6,4,0,8,6
MP_2024-25_2024-11,FEM-00609,Mpumalanga,MP,2024/25,2024-11,20,9,5,2,2,3,4,2,0,5,2
NW_2024-25_2024-11,FEM-00610,North West,NW,2024/25,2024-11,20,11,5,1,5,2,3,2,4,6,4
NC_2024-25_2024-11,FEM-00611,Northern Cape,NC,2024/25,2024-11,10,6,4,1,1,1,2,2,1,4,3
WC_2024-25_2024-11,FEM-00612,Western Cape,WC,2024/25,2024-11,60,33,14,6,13,8,13,6,6,15,8
EC_2024-25_2024-12,FEM-00613,Eastern Cape,EC,2024/25,2024-12,24,13,7,3,3,3,2,3,5,8,4
FS_2024-25_2024-12,FEM-00614,Free State,FS,2024/25,2024-12,15,7,4,1,2,1,3,1,2,4,3
GP_2024-25_2024-12,FEM-00615,Gauteng,GP,2024/25,2024-12,49,26,12,3,11,8,8,7,3,11,4
KZN_2024-25_2024-12,FEM-00616,KwaZulu-Natal,KZN,2024/25,2024-12,46,24,12,5,7,5,8,3,8,12,5
LP_2024-25_2024-12,FEM-00617,Limpopo,LP,2024/25,2024-12,27,12,8,1,3,3,5,2,2,5,3
MP_2024-25_2024-12,FEM-00618,Mpumalanga,MP,2024/25,2024-12,23,13,6,1,6,4,4,2,3,9,5
NW_2024-25_2024-12,FEM-00619,North West,NW,2024/25,2024-12,24,13,6,2,5,5,4,2,2,8,5
NC_2024-25_2024-12,FEM-00620,Northern Cape,NC,2024/25,2024-12,9,4,2,1,1,1,1,1,1,2,1
WC_2024-25_2024-12,FEM-00621,Western Cape,WC,2024/25,2024-12,69,37,20,7,10,15,9,10,3,20,11
EC_2024-25_2025-01,FEM-00622,Eastern Cape,EC,2024/25,2025-01,21,11,4,1,6,3,3,3,2,6,4
FS_2024-25_2025-01,FEM-00623,Free State,FS,2024/25,2025-01,16,8,4,1,3,2,3,2,1,5,3
GP_2024-25_2025-01,FEM-00624,Gauteng,GP,2024/25,2025-01,51,23,12,1,10,7,8,6,2,12,7
KZN_2024-25_2025-01,FEM-00625,KwaZulu-Natal,KZN,2024/25,2025-01,48,29,18,5,6,5,9,6,9,17,8
LP_2024-25_2025-01,FEM-00626,Limpopo,LP,2024/25,2025-01,22,10,4,1,5,3,3,3,1,6,4
MP_2024-25_2025-01,FEM-00627,Mpumalanga,MP,2024/25,2025-01,24,12,6,2,4,4,3,2,3,6,4
NW_2024-25_2025-01,FEM-00628,North West,NW,2024/25,2025-01,21,12,6,1,5,3,5,3,1,7,4
NC_2024-25_2025-01,FEM-00629,Northern Cape,NC,2024/25,2025-01,10,5,2,1,2,2,1,1,1,2,1
WC_2024-25_2025-01,FEM-00630,Western Cape,WC,2024/25,2025-01,59,27,14,6,7,4,7,5,11,14,9
EC_2024-25_2025-02,FEM-00631,Eastern Cape,EC,2024/25,2025-02,24,13,8,2,3,4,4,3,2,7,4
FS_2024-25_2025-02,FEM-00632,Free State,FS,2024/25,2025-02,15,6,3,0,3,2,2,2,0,3,2
GP_2024-25_2025-02,FEM-00633,Gauteng,GP,2024/25,2025-02,52,31,15,5,11,9,10,6,6,18,8
KZN_2024-25_2025-02,FEM-00634,KwaZulu-Natal,KZN,2024/25,2025-02,43,23,10,5,8,8,7,6,2,12,8
LP_2024-25_2025-02,FEM-00635,Limpopo,LP,2024/25,2025-02,22,13,7,2,4,5,6,3,0,9,4
MP_2024-25_2025-02,FEM-00636,Mpumalanga,MP,2024/25,2025-02,22,9,4,2,3,2,2,2,3,4,2
NW_2024-25_2025-02,FEM-00637,North West,NW,2024/25,2025-02,21,12,6,1,5,4,4,3,1,6,3
NC_2024-25_2025-02,FEM-00638,Northern Cape,NC,2024/25,2025-02,10,6,4,1,1,2,1,1,2,4,2
WC_2024-25_2025-02,FEM-00639,Western Cape,WC,2024/25,2025-02,62,35,16,5,14,13,7,5,10,20,13
EC_2024-25_2025-03,FEM-00640,Eastern Cape,EC,2024/25,2025-03,23,14,9,2,3,3,3,3,5,8,4
FS_2024-25_2025-03,FEM-00641,Free State,FS,2024/25,2025-03,15,8,3,1,4,2,3,2,1,3,2
GP_2024-25_2025-03,FEM-00642,Gauteng,GP,2024/25,2025-03,56,30,18,3,9,7,10,10,3,14,11
KZN_2024-25_2025-03,FEM-00643,KwaZulu-Natal,KZN,2024/25,2025-03,50,30,14,4,12,5,10,7,8,17,9
LP_2024-25_2025-03,FEM-00644,Limpopo,LP,2024/25,2025-03,26,14,9,2,3,5,5,2,2,9,5
MP_2024-25_2025-03,FEM-00645,Mpumalanga,MP,2024/25,2025-03,25,12,5,2,5,4,4,2,2,5,3
NW_2024-25_2025-03,FEM-00646,North West,NW,2024/25,2025-03,23,13,6,2,5,5,2,2,4,7,4
NC_2024-25_2025-03,FEM-00647,Northern Cape,NC,2024/25,2025-03,10,6,4,1,1,2,2,1,1,3,2
WC_2024-25_2025-03,FEM-00648,Western Cape,WC,2024/25,2025-03,67,30,15,5,10,8,10,5,7,18,9
