ID,Record_ID,Province,Province_Code,Financial_Year,Calendar_Month,Women_murdered,Attempted_Women_murder,Rape_Reported,Sexual_Assault_Reported,Assault_GBH_Women,Common_Assault_Women_18Plus,Total_Selected_GBV_Reports
EC_2019-20_2019-04,GBV-00001,Eastern Cape,EC,2019/20,2019-04,22,39,165,35,399,728,1388
FS_2019-20_2019-04,GBV-00002,Free State,FS,2019/20,2019-04,14,24,96,21,257,430,842
GP_2019-20_2019-04,GBV-00003,Gauteng,GP,2019/20,2019-04,49,79,321,74,807,1459,2789
KZN_2019-20_2019-04,GBV-00004,KwaZulu-Natal,KZN,2019/20,2019-04,40,70,286,59,721,1237,2413
LP_2019-20_2019-04,GBV-00005,Limpopo,LP,2019/20,2019-04,23,38,156,36,421,709,1383
MP_2019-20_2019-04,GBV-00006,Mpumalanga,MP,2019/20,2019-04,23,38,162,34,405,717,1379
NW_2019-20_2019-04,GBV-00007,North West,NW,2019/20,2019-04,20,32,137,30,335,612,1166
NC_2019-20_2019-04,GBV-00008,Northern Cape,NC,2019/20,2019-04,10,16,66,14,157,287,550
WC_2019-20_2019-04,GBV-00009,Western Cape,WC,2019/20,2019-04,60,108,421,97,1161,1873,3720
EC_2019-20_2019-05,GBV-00010,Eastern Cape,EC,2019/20,2019-05,23,39,168,35,419,750,1434
FS_2019-20_2019-05,GBV-00011,Free State,FS,2019/20,2019-05,14,24,101,22,250,465,876
GP_2019-20_2019-05,GBV-00012,Gauteng,GP,2019/20,2019-05,49,86,339,74,843,1474,2865
KZN_2019-20_2019-05,GBV-00013,KwaZulu-Natal,KZN,2019/20,2019-05,41,69,302,65,766,1329,2572
LP_2019-20_2019-05,GBV-00014,Limpopo,LP,2019/20,2019-05,23,40,166,35,423,741,1428
MP_2019-20_2019-05,GBV-00015,Mpumalanga,MP,2019/20,2019-05,23,39,161,34,407,683,1347
NW_2019-20_2019-05,GBV-00016,North West,NW,2019/20,2019-05,20,33,140,32,353,632,1210
NC_2019-20_2019-05,GBV-00017,Northern Cape,NC,2019/20,2019-05,9,15,62,13,153,266,518
WC_2019-20_2019-05,GBV-00018,Western Cape,WC,2019/20,2019-05,60,96,412,91,1006,1794,3459
EC_2019-20_2019-06,GBV-00019,Eastern Cape,EC,2019/20,2019-06,23,41,167,36,427,741,1435
FS_2019-20_2019-06,GBV-00020,Free State,FS,2019/20,2019-06,13,23,93,20,233,404,786
GP_2019-20_2019-06,GBV-00021,Gauteng,GP,2019/20,2019-06,46,80,334,72,834,1497,2863
KZN_2019-20_2019-06,GBV-00022,KwaZulu-Natal,KZN,2019/20,2019-06,43,70,298,65,750,1324,2550
LP_2019-20_2019-06,GBV-00023,Limpopo,LP,2019/20,2019-06,23,40,163,37,418,718,1399
MP_2019-20_2019-06,GBV-00024,Mpumalanga,MP,2019/20,2019-06,22,37,156,35,404,725,1379
NW_2019-20_2019-06,GBV-00025,North West,NW,2019/20,2019-06,21,34,143,32,355,629,1214
NC_2019-20_2019-06,GBV-00026,Northern Cape,NC,2019/20,2019-06,9,15,66,13,154,271,528
WC_2019-20_2019-06,GBV-00027,Western Cape,WC,2019/20,2019-06,58,94,427,92,1018,1721,3410
EC_2019-20_2019-07,GBV-00028,Eastern Cape,EC,2019/20,2019-07,23,40,168,37,432,719,1419
FS_2019-20_2019-07,GBV-00029,Free State,FS,2019/20,2019-07,17,27,118,26,302,497,987
GP_2019-20_2019-07,GBV-00030,Gauteng,GP,2019/20,2019-07,53,82,341,78,910,1571,3035
KZN_2019-20_2019-07,GBV-00031,KwaZulu-Natal,KZN,2019/20,2019-07,44,72,310,66,759,1347,2598
LP_2019-20_2019-07,GBV-00032,Limpopo,LP,2019/20,2019-07,25,42,169,37,430,711,1414
MP_2019-20_2019-07,GBV-00033,Mpumalanga,MP,2019/20,2019-07,22,37,163,35,396,704,1357
NW_2019-20_2019-07,GBV-00034,North West,NW,2019/20,2019-07,20,35,144,31,382,682,1294
NC_2019-20_2019-07,GBV-00035,Northern Cape,NC,2019/20,2019-07,10,16,67,15,175,304,587
WC_2019-20_2019-07,GBV-00036,Western Cape,WC,2019/20,2019-07,55,97,409,87,1042,1715,3405
EC_2019-20_2019-08,GBV-00037,Eastern Cape,EC,2019/20,2019-08,24,42,181,36,432,779,1494
FS_2019-20_2019-08,GBV-00038,Free State,FS,2019/20,2019-08,15,25,108,23,271,495,937
GP_2019-20_2019-08,GBV-00039,Gauteng,GP,2019/20,2019-08,54,88,364,82,873,1622,3083
KZN_2019-20_2019-08,GBV-00040,KwaZulu-Natal,KZN,2019/20,2019-08,45,75,326,69,809,1392,2716
LP_2019-20_2019-08,GBV-00041,Limpopo,LP,2019/20,2019-08,25,45,190,41,486,795,1582
MP_2019-20_2019-08,GBV-00042,Mpumalanga,MP,2019/20,2019-08,24,41,171,37,418,753,1444
NW_2019-20_2019-08,GBV-00043,North West,NW,2019/20,2019-08,20,33,135,29,332,616,1165
NC_2019-20_2019-08,GBV-00044,Northern Cape,NC,2019/20,2019-08,9,16,68,15,181,310,599
WC_2019-20_2019-08,GBV-00045,Western Cape,WC,2019/20,2019-08,62,106,437,95,1122,1939,3761
EC_2019-20_2019-09,GBV-00046,Eastern Cape,EC,2019/20,2019-09,21,39,160,35,401,669,1325
FS_2019-20_2019-09,GBV-00047,Free State,FS,2019/20,2019-09,15,24,105,23,258,458,883
GP_2019-20_2019-09,GBV-00048,Gauteng,GP,2019/20,2019-09,50,90,343,83,918,1590,3074
KZN_2019-20_2019-09,GBV-00049,KwaZulu-Natal,KZN,2019/20,2019-09,42,71,314,68,776,1361,2632
LP_2019-20_2019-09,GBV-00050,Limpopo,LP,2019/20,2019-09,25,43,182,39,422,746,1457
MP_2019-20_2019-09,GBV-00051,Mpumalanga,MP,2019/20,2019-09,21,36,159,33,417,692,1358
NW_2019-20_2019-09,GBV-00052,North West,NW,2019/20,2019-09,20,35,136,32,355,601,1179
NC_2019-20_2019-09,GBV-00053,Northern Cape,NC,2019/20,2019-09,9,16,68,15,174,302,584
WC_2019-20_2019-09,GBV-00054,Western Cape,WC,2019/20,2019-09,65,112,459,101,1185,1994,3916
EC_2019-20_2019-10,GBV-00055,Eastern Cape,EC,2019/20,2019-10,22,38,155,35,375,684,1309
FS_2019-20_2019-10,GBV-00056,Free State,FS,2019/20,2019-10,16,25,106,23,262,462,894
GP_2019-20_2019-10,GBV-00057,Gauteng,GP,2019/20,2019-10,49,79,341,74,864,1499,2906
KZN_2019-20_2019-10,GBV-00058,KwaZulu-Natal,KZN,2019/20,2019-10,40,69,281,64,724,1210,2388
LP_2019-20_2019-10,GBV-00059,Limpopo,LP,2019/20,2019-10,23,38,160,36,431,711,1399
MP_2019-20_2019-10,GBV-00060,Mpumalanga,MP,2019/20,2019-10,24,40,171,38,434,752,1459
NW_2019-20_2019-10,GBV-00061,North West,NW,2019/20,2019-10,20,33,144,31,353,594,1175
NC_2019-20_2019-10,GBV-00062,Northern Cape,NC,2019/20,2019-10,9,16,64,14,168,278,549
WC_2019-20_2019-10,GBV-00063,Western Cape,WC,2019/20,2019-10,61,95,388,91,1024,1762,3421
EC_2019-20_2019-11,GBV-00064,Eastern Cape,EC,2019/20,2019-11,19,33,142,31,357,632,1214
FS_2019-20_2019-11,GBV-00065,Free State,FS,2019/20,2019-11,15,24,101,22,260,431,853
GP_2019-20_2019-11,GBV-00066,Gauteng,GP,2019/20,2019-11,42,67,286,67,766,1324,2552
KZN_2019-20_2019-11,GBV-00067,KwaZulu-Natal,KZN,2019/20,2019-11,38,67,279,61,712,1307,2464
LP_2019-20_2019-11,GBV-00068,Limpopo,LP,2019/20,2019-11,23,39,165,35,420,713,1395
MP_2019-20_2019-11,GBV-00069,Mpumalanga,MP,2019/20,2019-11,21,37,161,35,390,674,1318
NW_2019-20_2019-11,GBV-00070,North West,NW,2019/20,2019-11,19,33,142,32,371,615,1212
NC_2019-20_2019-11,GBV-00071,Northern Cape,NC,2019/20,2019-11,9,14,60,13,148,263,507
WC_2019-20_2019-11,GBV-00072,Western Cape,WC,2019/20,2019-11,53,95,379,85,968,1711,3291
EC_2019-20_2019-12,GBV-00073,Eastern Cape,EC,2019/20,2019-12,22,37,164,35,399,706,1363
FS_2019-20_2019-12,GBV-00074,Free State,FS,2019/20,2019-12,15,23,105,23,265,418,849
GP_2019-20_2019-12,GBV-00075,Gauteng,GP,2019/20,2019-12,49,84,347,75,873,1599,3027
KZN_2019-20_2019-12,GBV-00076,KwaZulu-Natal,KZN,2019/20,2019-12,40,67,283,63,721,1261,2435
LP_2019-20_2019-12,GBV-00077,Limpopo,LP,2019/20,2019-12,24,40,166,36,419,710,1395
MP_2019-20_2019-12,GBV-00078,Mpumalanga,MP,2019/20,2019-12,23,42,170,36,393,773,1437
NW_2019-20_2019-12,GBV-00079,North West,NW,2019/20,2019-12,21,35,145,31,363,611,1206
NC_2019-20_2019-12,GBV-00080,Northern Cape,NC,2019/20,2019-12,9,16,69,15,172,290,571
WC_2019-20_2019-12,GBV-00081,Western Cape,WC,2019/20,2019-12,60,104,438,95,1092,1869,3658
EC_2019-20_2020-01,GBV-00082,Eastern Cape,EC,2019/20,2020-01,22,38,156,37,391,708,1352
FS_2019-20_2020-01,GBV-00083,Free State,FS,2019/20,2020-01,13,23,101,20,250,437,844
GP_2019-20_2020-01,GBV-00084,Gauteng,GP,2019/20,2020-01,44,73,312,65,790,1396,2680
KZN_2019-20_2020-01,GBV-00085,KwaZulu-Natal,KZN,2019/20,2020-01,41,71,284,64,709,1280,2449
LP_2019-20_2020-01,GBV-00086,Limpopo,LP,2019/20,2020-01,24,39,162,35,407,706,1373
MP_2019-20_2020-01,GBV-00087,Mpumalanga,MP,2019/20,2020-01,23,37,157,34,387,692,1330
NW_2019-20_2020-01,GBV-00088,North West,NW,2019/20,2020-01,18,31,131,28,323,574,1105
NC_2019-20_2020-01,GBV-00089,Northern Cape,NC,2019/20,2020-01,9,15,63,14,150,268,519
WC_2019-20_2020-01,GBV-00090,Western Cape,WC,2019/20,2020-01,56,96,398,89,1020,1772,3431
EC_2019-20_2020-02,GBV-00091,Eastern Cape,EC,2019/20,2020-02,20,35,147,31,341,628,1202
FS_2019-20_2020-02,GBV-00092,Free State,FS,2019/20,2020-02,14,23,97,21,246,450,851
GP_2019-20_2020-02,GBV-00093,Gauteng,GP,2019/20,2020-02,48,86,337,76,870,1556,2973
KZN_2019-20_2020-02,GBV-00094,KwaZulu-Natal,KZN,2019/20,2020-02,40,68,298,62,712,1292,2472
LP_2019-20_2020-02,GBV-00095,Limpopo,LP,2019/20,2020-02,25,41,180,37,442,755,1480
MP_2019-20_2020-02,GBV-00096,Mpumalanga,MP,2019/20,2020-02,21,32,138,30,354,625,1200
NW_2019-20_2020-02,GBV-00097,North West,NW,2019/20,2020-02,20,33,134,31,344,602,1164
NC_2019-20_2020-02,GBV-00098,Northern Cape,NC,2019/20,2020-02,8,14,60,13,145,247,487
WC_2019-20_2020-02,GBV-00099,Western Cape,WC,2019/20,2020-02,61,104,435,94,1116,1910,3720
EC_2019-20_2020-03,GBV-00100,Eastern Cape,EC,2019/20,2020-03,23,38,161,38,416,783,1459
FS_2019-20_2020-03,GBV-00101,Free State,FS,2019/20,2020-03,15,25,107,23,268,481,919
GP_2019-20_2020-03,GBV-00102,Gauteng,GP,2019/20,2020-03,51,84,338,80,903,1551,3007
KZN_2019-20_2020-03,GBV-00103,KwaZulu-Natal,KZN,2019/20,2020-03,41,73,302,66,736,1355,2573
LP_2019-20_2020-03,GBV-00104,Limpopo,LP,2019/20,2020-03,24,42,177,39,436,759,1477
MP_2019-20_2020-03,GBV-00105,Mpumalanga,MP,2019/20,2020-03,22,36,164,36,401,707,1366
NW_2019-20_2020-03,GBV-00106,North West,NW,2019/20,2020-03,19,35,139,30,358,640,1221
NC_2019-20_2020-03,GBV-00107,Northern Cape,NC,2019/20,2020-03,8,15,64,13,155,281,536
WC_2019-20_2020-03,GBV-00108,Western Cape,WC,2019/20,2020-03,59,103,418,91,1041,1757,3469
EC_2020-21_2020-04,GBV-00109,Eastern Cape,EC,2020/21,2020-04,18,32,127,30,335,563,1105
FS_2020-21_2020-04,GBV-00110,Free State,FS,2020/21,2020-04,11,20,86,17,206,372,712
GP_2020-21_2020-04,GBV-00111,Gauteng,GP,2020/21,2020-04,41,69,284,64,720,1270,2448
KZN_2020-21_2020-04,GBV-00112,KwaZulu-Natal,KZN,2020/21,2020-04,33,57,247,54,607,1055,2053
LP_2020-21_2020-04,GBV-00113,Limpopo,LP,2020/21,2020-04,20,32,140,30,360,603,1185
MP_2020-21_2020-04,GBV-00114,Mpumalanga,MP,2020/21,2020-04,19,33,141,31,356,623,1203
NW_2020-21_2020-04,GBV-00115,North West,NW,2020/21,2020-04,17,27,122,26,300,529,1021
NC_2020-21_2020-04,GBV-00116,Northern Cape,NC,2020/21,2020-04,8,14,56,13,139,242,472
WC_2020-21_2020-04,GBV-00117,Western Cape,WC,2020/21,2020-04,49,83,356,74,879,1562,3003
EC_2020-21_2020-05,GBV-00118,Eastern Cape,EC,2020/21,2020-05,19,33,141,31,355,606,1185
FS_2020-21_2020-05,GBV-00119,Free State,FS,2020/21,2020-05,12,19,83,18,201,358,691
GP_2020-21_2020-05,GBV-00120,Gauteng,GP,2020/21,2020-05,36,61,261,59,623,1143,2183
KZN_2020-21_2020-05,GBV-00121,KwaZulu-Natal,KZN,2020/21,2020-05,37,61,250,54,631,1153,2186
LP_2020-21_2020-05,GBV-00122,Limpopo,LP,2020/21,2020-05,17,30,129,28,326,571,1101
MP_2020-21_2020-05,GBV-00123,Mpumalanga,MP,2020/21,2020-05,19,32,132,28,335,562,1108
NW_2020-21_2020-05,GBV-00124,North West,NW,2020/21,2020-05,16,25,110,24,266,493,934
NC_2020-21_2020-05,GBV-00125,Northern Cape,NC,2020/21,2020-05,8,13,50,12,126,235,444
WC_2020-21_2020-05,GBV-00126,Western Cape,WC,2020/21,2020-05,51,87,350,79,946,1677,3190
EC_2020-21_2020-06,GBV-00127,Eastern Cape,EC,2020/21,2020-06,19,31,133,29,333,582,1127
FS_2020-21_2020-06,GBV-00128,Free State,FS,2020/21,2020-06,12,20,83,19,226,399,759
GP_2020-21_2020-06,GBV-00129,Gauteng,GP,2020/21,2020-06,37,60,259,59,635,1062,2112
KZN_2020-21_2020-06,GBV-00130,KwaZulu-Natal,KZN,2020/21,2020-06,32,55,234,50,580,994,1945
LP_2020-21_2020-06,GBV-00131,Limpopo,LP,2020/21,2020-06,18,30,124,27,330,528,1057
MP_2020-21_2020-06,GBV-00132,Mpumalanga,MP,2020/21,2020-06,18,31,130,29,334,532,1074
NW_2020-21_2020-06,GBV-00133,North West,NW,2020/21,2020-06,15,26,112,25,280,491,949
NC_2020-21_2020-06,GBV-00134,Northern Cape,NC,2020/21,2020-06,8,13,56,12,139,246,474
WC_2020-21_2020-06,GBV-00135,Western Cape,WC,2020/21,2020-06,45,76,318,73,819,1426,2757
EC_2020-21_2020-07,GBV-00136,Eastern Cape,EC,2020/21,2020-07,20,34,137,29,351,585,1156
FS_2020-21_2020-07,GBV-00137,Free State,FS,2020/21,2020-07,12,20,85,18,220,373,728
GP_2020-21_2020-07,GBV-00138,Gauteng,GP,2020/21,2020-07,40,69,285,62,730,1242,2428
KZN_2020-21_2020-07,GBV-00139,KwaZulu-Natal,KZN,2020/21,2020-07,39,64,266,57,664,1186,2276
LP_2020-21_2020-07,GBV-00140,Limpopo,LP,2020/21,2020-07,19,32,133,31,344,599,1158
MP_2020-21_2020-07,GBV-00141,Mpumalanga,MP,2020/21,2020-07,19,32,141,29,361,591,1173
NW_2020-21_2020-07,GBV-00142,North West,NW,2020/21,2020-07,16,27,109,25,312,523,1012
NC_2020-21_2020-07,GBV-00143,Northern Cape,NC,2020/21,2020-07,8,14,57,12,141,250,482
WC_2020-21_2020-07,GBV-00144,Western Cape,WC,2020/21,2020-07,53,91,389,82,980,1788,3383
EC_2020-21_2020-08,GBV-00145,Eastern Cape,EC,2020/21,2020-08,19,32,136,30,325,569,1111
FS_2020-21_2020-08,GBV-00146,Free State,FS,2020/21,2020-08,13,24,103,22,247,429,838
GP_2020-21_2020-08,GBV-00147,Gauteng,GP,2020/21,2020-08,40,71,271,62,696,1249,2389
KZN_2020-21_2020-08,GBV-00148,KwaZulu-Natal,KZN,2020/21,2020-08,39,64,265,59,653,1193,2273
LP_2020-21_2020-08,GBV-00149,Limpopo,LP,2020/21,2020-08,20,35,144,31,377,660,1267
MP_2020-21_2020-08,GBV-00150,Mpumalanga,MP,2020/21,2020-08,20,33,142,32,363,641,1231
NW_2020-21_2020-08,GBV-00151,North West,NW,2020/21,2020-08,18,28,122,26,310,548,1052
NC_2020-21_2020-08,GBV-00152,Northern Cape,NC,2020/21,2020-08,8,15,59,13,153,262,510
WC_2020-21_2020-08,GBV-00153,Western Cape,WC,2020/21,2020-08,48,85,338,75,885,1556,2987
EC_2020-21_2020-09,GBV-00154,Eastern Cape,EC,2020/21,2020-09,20,34,139,29,355,588,1165
FS_2020-21_2020-09,GBV-00155,Free State,FS,2020/21,2020-09,13,21,86,19,218,383,740
GP_2020-21_2020-09,GBV-00156,Gauteng,GP,2020/21,2020-09,41,71,305,67,751,1318,2553
KZN_2020-21_2020-09,GBV-00157,KwaZulu-Natal,KZN,2020/21,2020-09,37,63,256,54,673,1130,2213
LP_2020-21_2020-09,GBV-00158,Limpopo,LP,2020/21,2020-09,20,34,137,32,352,610,1185
MP_2020-21_2020-09,GBV-00159,Mpumalanga,MP,2020/21,2020-09,19,32,134,30,347,580,1142
NW_2020-21_2020-09,GBV-00160,North West,NW,2020/21,2020-09,16,27,116,26,274,490,949
NC_2020-21_2020-09,GBV-00161,Northern Cape,NC,2020/21,2020-09,8,13,53,12,139,227,452
WC_2020-21_2020-09,GBV-00162,Western Cape,WC,2020/21,2020-09,53,88,370,78,949,1660,3198
EC_2020-21_2020-10,GBV-00163,Eastern Cape,EC,2020/21,2020-10,18,32,131,29,330,579,1119
FS_2020-21_2020-10,GBV-00164,Free State,FS,2020/21,2020-10,12,20,82,18,208,363,703
GP_2020-21_2020-10,GBV-00165,Gauteng,GP,2020/21,2020-10,40,68,272,63,725,1213,2381
KZN_2020-21_2020-10,GBV-00166,KwaZulu-Natal,KZN,2020/21,2020-10,35,62,241,56,621,1148,2163
LP_2020-21_2020-10,GBV-00167,Limpopo,LP,2020/21,2020-10,19,32,141,29,350,595,1166
MP_2020-21_2020-10,GBV-00168,Mpumalanga,MP,2020/21,2020-10,19,31,120,26,316,553,1065
NW_2020-21_2020-10,GBV-00169,North West,NW,2020/21,2020-10,17,28,113,26,292,509,985
NC_2020-21_2020-10,GBV-00170,Northern Cape,NC,2020/21,2020-10,8,13,51,11,130,223,436
WC_2020-21_2020-10,GBV-00171,Western Cape,WC,2020/21,2020-10,44,81,326,69,827,1329,2676
EC_2020-21_2020-11,GBV-00172,Eastern Cape,EC,2020/21,2020-11,17,29,124,26,306,514,1016
FS_2020-21_2020-11,GBV-00173,Free State,FS,2020/21,2020-11,12,19,84,18,202,346,681
GP_2020-21_2020-11,GBV-00174,Gauteng,GP,2020/21,2020-11,34,58,249,52,581,1080,2054
KZN_2020-21_2020-11,GBV-00175,KwaZulu-Natal,KZN,2020/21,2020-11,33,57,239,53,614,1034,2030
LP_2020-21_2020-11,GBV-00176,Limpopo,LP,2020/21,2020-11,18,31,124,27,320,560,1080
MP_2020-21_2020-11,GBV-00177,Mpumalanga,MP,2020/21,2020-11,19,31,131,28,330,582,1121
NW_2020-21_2020-11,GBV-00178,North West,NW,2020/21,2020-11,16,28,114,25,277,487,947
NC_2020-21_2020-11,GBV-00179,Northern Cape,NC,2020/21,2020-11,7,12,49,11,118,219,416
WC_2020-21_2020-11,GBV-00180,Western Cape,WC,2020/21,2020-11,49,78,345,75,833,1483,2863
EC_2020-21_2020-12,GBV-00181,Eastern Cape,EC,2020/21,2020-12,19,34,137,29,346,590,1155
FS_2020-21_2020-12,GBV-00182,Free State,FS,2020/21,2020-12,11,19,76,17,203,334,660
GP_2020-21_2020-12,GBV-00183,Gauteng,GP,2020/21,2020-12,44,73,294,69,750,1316,2546
KZN_2020-21_2020-12,GBV-00184,KwaZulu-Natal,KZN,2020/21,2020-12,35,57,246,53,642,1115,2148
LP_2020-21_2020-12,GBV-00185,Limpopo,LP,2020/21,2020-12,20,35,140,32,368,628,1223
MP_2020-21_2020-12,GBV-00186,Mpumalanga,MP,2020/21,2020-12,18,31,129,29,334,561,1102
NW_2020-21_2020-12,GBV-00187,North West,NW,2020/21,2020-12,17,28,116,26,294,531,1012
NC_2020-21_2020-12,GBV-00188,Northern Cape,NC,2020/21,2020-12,7,12,51,11,125,215,421
WC_2020-21_2020-12,GBV-00189,Western Cape,WC,2020/21,2020-12,51,84,338,77,922,1591,3063
EC_2020-21_2021-01,GBV-00190,Eastern Cape,EC,2020/21,2021-01,18,31,130,27,313,521,1040
FS_2020-21_2021-01,GBV-00191,Free State,FS,2020/21,2021-01,11,18,79,18,196,340,662
GP_2020-21_2021-01,GBV-00192,Gauteng,GP,2020/21,2021-01,37,63,271,61,665,1192,2289
KZN_2020-21_2021-01,GBV-00193,KwaZulu-Natal,KZN,2020/21,2021-01,28,50,213,43,526,918,1778
LP_2020-21_2021-01,GBV-00194,Limpopo,LP,2020/21,2021-01,21,39,154,34,392,677,1317
MP_2020-21_2021-01,GBV-00195,Mpumalanga,MP,2020/21,2021-01,17,29,124,27,321,534,1052
NW_2020-21_2021-01,GBV-00196,North West,NW,2020/21,2021-01,16,27,116,25,287,485,956
NC_2020-21_2021-01,GBV-00197,Northern Cape,NC,2020/21,2021-01,8,13,53,12,132,237,455
WC_2020-21_2021-01,GBV-00198,Western Cape,WC,2020/21,2021-01,53,87,374,78,900,1579,3071
EC_2020-21_2021-02,GBV-00199,Eastern Cape,EC,2020/21,2021-02,16,27,121,26,292,523,1005
FS_2020-21_2021-02,GBV-00200,Free State,FS,2020/21,2021-02,11,19,76,18,204,349,677
GP_2020-21_2021-02,GBV-00201,Gauteng,GP,2020/21,2021-02,35,59,262,56,612,1118,2142
KZN_2020-21_2021-02,GBV-00202,KwaZulu-Natal,KZN,2020/21,2021-02,34,55,245,55,646,1081,2116
LP_2020-21_2021-02,GBV-00203,Limpopo,LP,2020/21,2021-02,16,29,115,26,302,517,1005
MP_2020-21_2021-02,GBV-00204,Mpumalanga,MP,2020/21,2021-02,17,27,116,26,279,495,960
NW_2020-21_2021-02,GBV-00205,North West,NW,2020/21,2021-02,16,27,111,24,287,518,983
NC_2020-21_2021-02,GBV-00206,Northern Cape,NC,2020/21,2021-02,8,14,56,12,146,248,484
WC_2020-21_2021-02,GBV-00207,Western Cape,WC,2020/21,2021-02,45,75,316,67,816,1415,2734
EC_2020-21_2021-03,GBV-00208,Eastern Cape,EC,2020/21,2021-03,18,33,136,28,330,589,1134
FS_2020-21_2021-03,GBV-00209,Free State,FS,2020/21,2021-03,12,20,83,18,216,352,701
GP_2020-21_2021-03,GBV-00210,Gauteng,GP,2020/21,2021-03,43,69,297,64,758,1226,2457
KZN_2020-21_2021-03,GBV-00211,KwaZulu-Natal,KZN,2020/21,2021-03,36,57,256,55,627,1104,2135
LP_2020-21_2021-03,GBV-00212,Limpopo,LP,2020/21,2021-03,18,31,129,28,318,578,1102
MP_2020-21_2021-03,GBV-00213,Mpumalanga,MP,2020/21,2021-03,20,32,137,30,361,591,1171
NW_2020-21_2021-03,GBV-00214,North West,NW,2020/21,2021-03,15,24,106,24,271,476,916
NC_2020-21_2021-03,GBV-00215,Northern Cape,NC,2020/21,2021-03,8,14,60,13,151,242,488
WC_2020-21_2021-03,GBV-00216,Western Cape,WC,2020/21,2021-03,47,84,349,75,855,1432,2842
EC_2021-22_2021-04,GBV-00217,Eastern Cape,EC,2021/22,2021-04,23,34,153,33,383,663,1289
FS_2021-22_2021-04,GBV-00218,Free State,FS,2021/22,2021-04,13,23,100,22,243,428,829
GP_2021-22_2021-04,GBV-00219,Gauteng,GP,2021/22,2021-04,44,78,326,69,838,1455,2810
KZN_2021-22_2021-04,GBV-00220,KwaZulu-Natal,KZN,2021/22,2021-04,42,71,294,65,782,1236,2490
LP_2021-22_2021-04,GBV-00221,Limpopo,LP,2021/22,2021-04,22,38,156,36,415,714,1381
MP_2021-22_2021-04,GBV-00222,Mpumalanga,MP,2021/22,2021-04,21,35,156,35,385,653,1285
NW_2021-22_2021-04,GBV-00223,North West,NW,2021/22,2021-04,19,34,139,31,334,582,1139
NC_2021-22_2021-04,GBV-00224,Northern Cape,NC,2021/22,2021-04,9,16,67,14,164,287,557
WC_2021-22_2021-04,GBV-00225,Western Cape,WC,2021/22,2021-04,52,87,369,82,1011,1660,3261
EC_2021-22_2021-05,GBV-00226,Eastern Cape,EC,2021/22,2021-05,20,33,142,30,374,638,1237
FS_2021-22_2021-05,GBV-00227,Free State,FS,2021/22,2021-05,12,21,88,20,216,395,752
GP_2021-22_2021-05,GBV-00228,Gauteng,GP,2021/22,2021-05,41,68,282,66,705,1239,2401
KZN_2021-22_2021-05,GBV-00229,KwaZulu-Natal,KZN,2021/22,2021-05,38,65,272,57,699,1196,2327
LP_2021-22_2021-05,GBV-00230,Limpopo,LP,2021/22,2021-05,23,38,157,36,411,704,1369
MP_2021-22_2021-05,GBV-00231,Mpumalanga,MP,2021/22,2021-05,20,34,142,29,383,652,1260
NW_2021-22_2021-05,GBV-00232,North West,NW,2021/22,2021-05,17,29,121,27,308,537,1039
NC_2021-22_2021-05,GBV-00233,Northern Cape,NC,2021/22,2021-05,8,14,60,13,149,274,518
WC_2021-22_2021-05,GBV-00234,Western Cape,WC,2021/22,2021-05,63,104,431,94,1127,1880,3699
EC_2021-22_2021-06,GBV-00235,Eastern Cape,EC,2021/22,2021-06,22,40,152,35,405,685,1339
FS_2021-22_2021-06,GBV-00236,Free State,FS,2021/22,2021-06,13,23,88,20,241,425,810
GP_2021-22_2021-06,GBV-00237,Gauteng,GP,2021/22,2021-06,49,81,323,75,845,1488,2861
KZN_2021-22_2021-06,GBV-00238,KwaZulu-Natal,KZN,2021/22,2021-06,41,68,282,60,718,1221,2390
LP_2021-22_2021-06,GBV-00239,Limpopo,LP,2021/22,2021-06,23,38,158,33,399,677,1328
MP_2021-22_2021-06,GBV-00240,Mpumalanga,MP,2021/22,2021-06,20,33,146,31,367,633,1230
NW_2021-22_2021-06,GBV-00241,North West,NW,2021/22,2021-06,18,32,128,29,316,552,1075
NC_2021-22_2021-06,GBV-00242,Northern Cape,NC,2021/22,2021-06,9,15,66,14,156,284,544
WC_2021-22_2021-06,GBV-00243,Western Cape,WC,2021/22,2021-06,58,99,425,93,1062,1824,3561
EC_2021-22_2021-07,GBV-00244,Eastern Cape,EC,2021/22,2021-07,21,36,151,32,379,663,1282
FS_2021-22_2021-07,GBV-00245,Free State,FS,2021/22,2021-07,14,24,100,22,243,446,849
GP_2021-22_2021-07,GBV-00246,Gauteng,GP,2021/22,2021-07,48,81,351,75,838,1489,2882
KZN_2021-22_2021-07,GBV-00247,KwaZulu-Natal,KZN,2021/22,2021-07,44,74,309,68,755,1308,2558
LP_2021-22_2021-07,GBV-00248,Limpopo,LP,2021/22,2021-07,23,42,169,37,408,715,1394
MP_2021-22_2021-07,GBV-00249,Mpumalanga,MP,2021/22,2021-07,24,37,156,35,418,728,1398
NW_2021-22_2021-07,GBV-00250,North West,NW,2021/22,2021-07,19,33,136,29,340,612,1169
NC_2021-22_2021-07,GBV-00251,Northern Cape,NC,2021/22,2021-07,9,15,62,14,150,277,527
WC_2021-22_2021-07,GBV-00252,Western Cape,WC,2021/22,2021-07,58,105,430,92,1095,1841,3621
EC_2021-22_2021-08,GBV-00253,Eastern Cape,EC,2021/22,2021-08,22,37,155,35,398,709,1356
FS_2021-22_2021-08,GBV-00254,Free State,FS,2021/22,2021-08,14,25,100,22,250,433,844
GP_2021-22_2021-08,GBV-00255,Gauteng,GP,2021/22,2021-08,48,78,335,71,806,1458,2796
KZN_2021-22_2021-08,GBV-00256,KwaZulu-Natal,KZN,2021/22,2021-08,44,77,328,71,800,1385,2705
LP_2021-22_2021-08,GBV-00257,Limpopo,LP,2021/22,2021-08,23,41,160,38,427,749,1438
MP_2021-22_2021-08,GBV-00258,Mpumalanga,MP,2021/22,2021-08,22,39,157,35,399,689,1341
NW_2021-22_2021-08,GBV-00259,North West,NW,2021/22,2021-08,19,31,128,29,346,600,1153
NC_2021-22_2021-08,GBV-00260,Northern Cape,NC,2021/22,2021-08,9,16,68,15,174,303,585
WC_2021-22_2021-08,GBV-00261,Western Cape,WC,2021/22,2021-08,60,106,414,97,1062,1930,3669
EC_2021-22_2021-09,GBV-00262,Eastern Cape,EC,2021/22,2021-09,22,37,158,34,407,683,1341
FS_2021-22_2021-09,GBV-00263,Free State,FS,2021/22,2021-09,15,25,105,23,263,469,900
GP_2021-22_2021-09,GBV-00264,Gauteng,GP,2021/22,2021-09,50,85,348,75,897,1513,2968
KZN_2021-22_2021-09,GBV-00265,KwaZulu-Natal,KZN,2021/22,2021-09,42,68,287,61,718,1251,2427
LP_2021-22_2021-09,GBV-00266,Limpopo,LP,2021/22,2021-09,24,41,168,35,432,758,1458
MP_2021-22_2021-09,GBV-00267,Mpumalanga,MP,2021/22,2021-09,20,33,146,30,361,597,1187
NW_2021-22_2021-09,GBV-00268,North West,NW,2021/22,2021-09,19,33,138,31,354,596,1171
NC_2021-22_2021-09,GBV-00269,Northern Cape,NC,2021/22,2021-09,10,16,71,15,175,302,589
WC_2021-22_2021-09,GBV-00270,Western Cape,WC,2021/22,2021-09,63,104,436,94,1109,1961,3767
EC_2021-22_2021-10,GBV-00271,Eastern Cape,EC,2021/22,2021-10,20,35,145,31,365,657,1253
FS_2021-22_2021-10,GBV-00272,Free State,FS,2021/22,2021-10,13,23,91,21,240,405,793
GP_2021-22_2021-10,GBV-00273,Gauteng,GP,2021/22,2021-10,46,83,317,76,837,1499,2858
KZN_2021-22_2021-10,GBV-00274,KwaZulu-Natal,KZN,2021/22,2021-10,38,63,266,59,649,1154,2229
LP_2021-22_2021-10,GBV-00275,Limpopo,LP,2021/22,2021-10,23,41,159,38,415,726,1402
MP_2021-22_2021-10,GBV-00276,Mpumalanga,MP,2021/22,2021-10,20,35,139,32,355,623,1204
NW_2021-22_2021-10,GBV-00277,North West,NW,2021/22,2021-10,20,33,136,28,318,600,1135
NC_2021-22_2021-10,GBV-00278,Northern Cape,NC,2021/22,2021-10,9,14,60,13,153,271,520
WC_2021-22_2021-10,GBV-00279,Western Cape,WC,2021/22,2021-10,53,89,366,82,958,1651,3199
EC_2021-22_2021-11,GBV-00280,Eastern Cape,EC,2021/22,2021-11,22,34,144,32,370,644,1246
FS_2021-22_2021-11,GBV-00281,Free State,FS,2021/22,2021-11,13,22,91,21,232,417,796
GP_2021-22_2021-11,GBV-00282,Gauteng,GP,2021/22,2021-11,47,75,321,67,757,1434,2701
KZN_2021-22_2021-11,GBV-00283,KwaZulu-Natal,KZN,2021/22,2021-11,37,59,253,53,613,1141,2156
LP_2021-22_2021-11,GBV-00284,Limpopo,LP,2021/22,2021-11,20,36,142,31,365,623,1217
MP_2021-22_2021-11,GBV-00285,Mpumalanga,MP,2021/22,2021-11,21,36,148,33,382,663,1283
NW_2021-22_2021-11,GBV-00286,North West,NW,2021/22,2021-11,18,29,125,28,334,532,1066
NC_2021-22_2021-11,GBV-00287,Northern Cape,NC,2021/22,2021-11,8,14,60,14,146,258,500
WC_2021-22_2021-11,GBV-00288,Western Cape,WC,2021/22,2021-11,50,87,357,78,907,1512,2991
EC_2021-22_2021-12,GBV-00289,Eastern Cape,EC,2021/22,2021-12,21,37,148,33,393,658,1290
FS_2021-22_2021-12,GBV-00290,Free State,FS,2021/22,2021-12,13,23,90,21,247,422,816
GP_2021-22_2021-12,GBV-00291,Gauteng,GP,2021/22,2021-12,43,71,287,67,771,1330,2569
KZN_2021-22_2021-12,GBV-00292,KwaZulu-Natal,KZN,2021/22,2021-12,44,75,307,69,755,1359,2609
LP_2021-22_2021-12,GBV-00293,Limpopo,LP,2021/22,2021-12,23,38,163,35,405,701,1365
MP_2021-22_2021-12,GBV-00294,Mpumalanga,MP,2021/22,2021-12,20,33,146,32,364,645,1240
NW_2021-22_2021-12,GBV-00295,North West,NW,2021/22,2021-12,18,30,122,29,333,576,1108
NC_2021-22_2021-12,GBV-00296,Northern Cape,NC,2021/22,2021-12,8,14,59,13,143,247,484
WC_2021-22_2021-12,GBV-00297,Western Cape,WC,2021/22,2021-12,55,94,392,81,955,1662,3239
EC_2021-22_2022-01,GBV-00298,Eastern Cape,EC,2021/22,2022-01,20,34,141,33,380,674,1282
FS_2021-22_2022-01,GBV-00299,Free State,FS,2021/22,2022-01,14,23,96,21,242,413,809
GP_2021-22_2022-01,GBV-00300,Gauteng,GP,2021/22,2022-01,42,69,298,64,744,1254,2471
KZN_2021-22_2022-01,GBV-00301,KwaZulu-Natal,KZN,2021/22,2022-01,36,60,263,57,663,1165,2244
LP_2021-22_2022-01,GBV-00302,Limpopo,LP,2021/22,2022-01,21,35,148,31,366,663,1264
MP_2021-22_2022-01,GBV-00303,Mpumalanga,MP,2021/22,2022-01,21,35,142,33,361,644,1236
NW_2021-22_2022-01,GBV-00304,North West,NW,2021/22,2022-01,18,31,132,29,342,588,1140
NC_2021-22_2022-01,GBV-00305,Northern Cape,NC,2021/22,2022-01,8,13,57,13,141,255,487
WC_2021-22_2022-01,GBV-00306,Western Cape,WC,2021/22,2022-01,53,97,381,87,982,1662,3262
EC_2021-22_2022-02,GBV-00307,Eastern Cape,EC,2021/22,2022-02,20,34,134,31,360,621,1200
FS_2021-22_2022-02,GBV-00308,Free State,FS,2021/22,2022-02,13,23,95,20,236,390,777
GP_2021-22_2022-02,GBV-00309,Gauteng,GP,2021/22,2022-02,46,73,317,69,810,1347,2662
KZN_2021-22_2022-02,GBV-00310,KwaZulu-Natal,KZN,2021/22,2022-02,34,55,226,49,615,1054,2033
LP_2021-22_2022-02,GBV-00311,Limpopo,LP,2021/22,2022-02,22,37,155,34,406,667,1321
MP_2021-22_2022-02,GBV-00312,Mpumalanga,MP,2021/22,2022-02,20,36,142,32,372,612,1214
NW_2021-22_2022-02,GBV-00313,North West,NW,2021/22,2022-02,18,32,125,27,327,550,1079
NC_2021-22_2022-02,GBV-00314,Northern Cape,NC,2021/22,2022-02,9,15,60,13,147,253,497
WC_2021-22_2022-02,GBV-00315,Western Cape,WC,2021/22,2022-02,55,93,387,84,968,1792,3379
EC_2021-22_2022-03,GBV-00316,Eastern Cape,EC,2021/22,2022-03,19,31,137,29,322,578,1116
FS_2021-22_2022-03,GBV-00317,Free State,FS,2021/22,2022-03,15,24,103,23,255,449,869
GP_2021-22_2022-03,GBV-00318,Gauteng,GP,2021/22,2022-03,46,83,332,76,827,1514,2878
KZN_2021-22_2022-03,GBV-00319,KwaZulu-Natal,KZN,2021/22,2022-03,40,70,289,60,743,1271,2473
LP_2021-22_2022-03,GBV-00320,Limpopo,LP,2021/22,2022-03,23,38,152,35,402,698,1348
MP_2021-22_2022-03,GBV-00321,Mpumalanga,MP,2021/22,2022-03,22,36,154,34,380,678,1304
NW_2021-22_2022-03,GBV-00322,North West,NW,2021/22,2022-03,20,31,136,29,336,587,1139
NC_2021-22_2022-03,GBV-00323,Northern Cape,NC,2021/22,2022-03,9,16,67,14,166,286,558
WC_2021-22_2022-03,GBV-00324,Western Cape,WC,2021/22,2022-03,57,100,419,94,1002,1990,3662
EC_2022-23_2022-04,GBV-00325,Eastern Cape,EC,2022/23,2022-04,22,37,153,35,384,703,1334
FS_2022-23_2022-04,GBV-00326,Free State,FS,2022/23,2022-04,14,24,99,23,259,457,876
GP_2022-23_2022-04,GBV-00327,Gauteng,GP,2022/23,2022-04,47,80,339,73,859,1436,2834
KZN_2022-23_2022-04,GBV-00328,KwaZulu-Natal,KZN,2022/23,2022-04,45,74,320,68,794,1449,2750
LP_2022-23_2022-04,GBV-00329,Limpopo,LP,2022/23,2022-04,26,45,191,41,461,805,1569
MP_2022-23_2022-04,GBV-00330,Mpumalanga,MP,2022/23,2022-04,24,41,170,35,426,729,1425
NW_2022-23_2022-04,GBV-00331,North West,NW,2022/23,2022-04,21,35,148,32,353,635,1224
NC_2022-23_2022-04,GBV-00332,Northern Cape,NC,2022/23,2022-04,9,16,66,15,173,291,570
WC_2022-23_2022-04,GBV-00333,Western Cape,WC,2022/23,2022-04,60,100,414,92,1093,1821,3580
EC_2022-23_2022-05,GBV-00334,Eastern Cape,EC,2022/23,2022-05,23,41,164,34,401,699,1362
FS_2022-23_2022-05,GBV-00335,Free State,FS,2022/23,2022-05,16,27,111,25,278,465,922
GP_2022-23_2022-05,GBV-00336,Gauteng,GP,2022/23,2022-05,46,78,341,73,809,1501,2848
KZN_2022-23_2022-05,GBV-00337,KwaZulu-Natal,KZN,2022/23,2022-05,42,74,303,69,802,1292,2582
LP_2022-23_2022-05,GBV-00338,Limpopo,LP,2022/23,2022-05,23,39,161,35,405,731,1394
MP_2022-23_2022-05,GBV-00339,Mpumalanga,MP,2022/23,2022-05,21,37,146,34,385,671,1294
NW_2022-23_2022-05,GBV-00340,North West,NW,2022/23,2022-05,22,38,157,34,378,678,1307
NC_2022-23_2022-05,GBV-00341,Northern Cape,NC,2022/23,2022-05,10,17,69,15,176,297,584
WC_2022-23_2022-05,GBV-00342,Western Cape,WC,2022/23,2022-05,66,105,427,100,1085,1940,3723
EC_2022-23_2022-06,GBV-00343,Eastern Cape,EC,2022/23,2022-06,24,40,169,35,423,745,1436
FS_2022-23_2022-06,GBV-00344,Free State,FS,2022/23,2022-06,15,25,109,24,285,460,918
GP_2022-23_2022-06,GBV-00345,Gauteng,GP,2022/23,2022-06,49,86,361,81,935,1572,3084
KZN_2022-23_2022-06,GBV-00346,KwaZulu-Natal,KZN,2022/23,2022-06,46,76,333,73,847,1454,2829
LP_2022-23_2022-06,GBV-00347,Limpopo,LP,2022/23,2022-06,24,41,166,35,421,762,1449
MP_2022-23_2022-06,GBV-00348,Mpumalanga,MP,2022/23,2022-06,25,40,166,37,431,729,1428
NW_2022-23_2022-06,GBV-00349,North West,NW,2022/23,2022-06,22,37,153,37,384,681,1314
NC_2022-23_2022-06,GBV-00350,Northern Cape,NC,2022/23,2022-06,10,18,74,17,186,318,623
WC_2022-23_2022-06,GBV-00351,Western Cape,WC,2022/23,2022-06,59,100,409,91,1041,1851,3551
EC_2022-23_2022-07,GBV-00352,Eastern Cape,EC,2022/23,2022-07,24,39,159,37,428,770,1457
FS_2022-23_2022-07,GBV-00353,Free State,FS,2022/23,2022-07,15,26,109,24,273,458,905
GP_2022-23_2022-07,GBV-00354,Gauteng,GP,2022/23,2022-07,52,90,375,81,925,1610,3133
KZN_2022-23_2022-07,GBV-00355,KwaZulu-Natal,KZN,2022/23,2022-07,46,74,318,68,795,1344,2645
LP_2022-23_2022-07,GBV-00356,Limpopo,LP,2022/23,2022-07,25,43,183,38,450,790,1529
MP_2022-23_2022-07,GBV-00357,Mpumalanga,MP,2022/23,2022-07,23,37,160,35,427,711,1393
NW_2022-23_2022-07,GBV-00358,North West,NW,2022/23,2022-07,21,37,149,34,395,691,1327
NC_2022-23_2022-07,GBV-00359,Northern Cape,NC,2022/23,2022-07,9,15,66,15,170,311,586
WC_2022-23_2022-07,GBV-00360,Western Cape,WC,2022/23,2022-07,68,106,446,96,1146,2043,3905
EC_2022-23_2022-08,GBV-00361,Eastern Cape,EC,2022/23,2022-08,23,40,166,36,419,703,1387
FS_2022-23_2022-08,GBV-00362,Free State,FS,2022/23,2022-08,16,27,115,25,295,499,977
GP_2022-23_2022-08,GBV-00363,Gauteng,GP,2022/23,2022-08,52,89,367,83,920,1627,3138
KZN_2022-23_2022-08,GBV-00364,KwaZulu-Natal,KZN,2022/23,2022-08,45,82,329,69,816,1444,2785
LP_2022-23_2022-08,GBV-00365,Limpopo,LP,2022/23,2022-08,27,46,182,39,468,823,1585
MP_2022-23_2022-08,GBV-00366,Mpumalanga,MP,2022/23,2022-08,27,45,186,42,499,839,1638
NW_2022-23_2022-08,GBV-00367,North West,NW,2022/23,2022-08,22,36,160,34,371,667,1290
NC_2022-23_2022-08,GBV-00368,Northern Cape,NC,2022/23,2022-08,10,17,74,16,190,336,643
WC_2022-23_2022-08,GBV-00369,Western Cape,WC,2022/23,2022-08,64,112,451,98,1140,2077,3942
EC_2022-23_2022-09,GBV-00370,Eastern Cape,EC,2022/23,2022-09,26,45,182,42,494,862,1651
FS_2022-23_2022-09,GBV-00371,Free State,FS,2022/23,2022-09,15,25,106,23,254,461,884
GP_2022-23_2022-09,GBV-00372,Gauteng,GP,2022/23,2022-09,55,92,381,81,957,1647,3213
KZN_2022-23_2022-09,GBV-00373,KwaZulu-Natal,KZN,2022/23,2022-09,50,86,348,78,856,1496,2914
LP_2022-23_2022-09,GBV-00374,Limpopo,LP,2022/23,2022-09,24,39,165,37,414,724,1403
MP_2022-23_2022-09,GBV-00375,Mpumalanga,MP,2022/23,2022-09,26,43,174,38,411,763,1455
NW_2022-23_2022-09,GBV-00376,North West,NW,2022/23,2022-09,21,36,145,33,368,668,1271
NC_2022-23_2022-09,GBV-00377,Northern Cape,NC,2022/23,2022-09,10,16,74,16,174,312,602
WC_2022-23_2022-09,GBV-00378,Western Cape,WC,2022/23,2022-09,64,105,455,95,1110,1895,3724
EC_2022-23_2022-10,GBV-00379,Eastern Cape,EC,2022/23,2022-10,26,43,193,38,456,799,1555
FS_2022-23_2022-10,GBV-00380,Free State,FS,2022/23,2022-10,14,23,95,21,248,413,814
GP_2022-23_2022-10,GBV-00381,Gauteng,GP,2022/23,2022-10,50,85,348,77,845,1593,2998
KZN_2022-23_2022-10,GBV-00382,KwaZulu-Natal,KZN,2022/23,2022-10,43,71,304,63,749,1378,2608
LP_2022-23_2022-10,GBV-00383,Limpopo,LP,2022/23,2022-10,24,42,170,37,428,763,1464
MP_2022-23_2022-10,GBV-00384,Mpumalanga,MP,2022/23,2022-10,23,40,165,35,416,705,1384
NW_2022-23_2022-10,GBV-00385,North West,NW,2022/23,2022-10,21,33,138,32,359,642,1225
NC_2022-23_2022-10,GBV-00386,Northern Cape,NC,2022/23,2022-10,9,15,63,14,154,273,528
WC_2022-23_2022-10,GBV-00387,Western Cape,WC,2022/23,2022-10,54,98,408,89,1026,1933,3608
EC_2022-23_2022-11,GBV-00388,Eastern Cape,EC,2022/23,2022-11,21,37,167,34,407,716,1382
FS_2022-23_2022-11,GBV-00389,Free State,FS,2022/23,2022-11,14,23,104,22,244,444,851
GP_2022-23_2022-11,GBV-00390,Gauteng,GP,2022/23,2022-11,45,83,323,72,848,1422,2793
KZN_2022-23_2022-11,GBV-00391,KwaZulu-Natal,KZN,2022/23,2022-11,42,72,289,63,715,1234,2415
LP_2022-23_2022-11,GBV-00392,Limpopo,LP,2022/23,2022-11,22,38,158,35,399,711,1363
MP_2022-23_2022-11,GBV-00393,Mpumalanga,MP,2022/23,2022-11,20,34,134,29,366,601,1184
NW_2022-23_2022-11,GBV-00394,North West,NW,2022/23,2022-11,20,35,144,32,362,593,1186
NC_2022-23_2022-11,GBV-00395,Northern Cape,NC,2022/23,2022-11,9,16,66,14,162,295,562
WC_2022-23_2022-11,GBV-00396,Western Cape,WC,2022/23,2022-11,58,97,417,90,999,1751,3412
EC_2022-23_2022-12,GBV-00397,Eastern Cape,EC,2022/23,2022-12,22,37,150,35,402,676,1322
FS_2022-23_2022-12,GBV-00398,Free State,FS,2022/23,2022-12,16,27,110,26,275,516,970
GP_2022-23_2022-12,GBV-00399,Gauteng,GP,2022/23,2022-12,53,92,356,83,935,1726,3245
KZN_2022-23_2022-12,GBV-00400,KwaZulu-Natal,KZN,2022/23,2022-12,42,73,307,66,777,1348,2613
LP_2022-23_2022-12,GBV-00401,Limpopo,LP,2022/23,2022-12,23,39,164,36,429,728,1419
MP_2022-23_2022-12,GBV-00402,Mpumalanga,MP,2022/23,2022-12,24,38,159,36,405,708,1370
NW_2022-23_2022-12,GBV-00403,North West,NW,2022/23,2022-12,19,33,132,29,342,609,1164
NC_2022-23_2022-12,GBV-00404,Northern Cape,NC,2022/23,2022-12,9,17,65,14,175,302,582
WC_2022-23_2022-12,GBV-00405,Western Cape,WC,2022/23,2022-12,65,106,476,99,1126,1937,3809
EC_2022-23_2023-01,GBV-00406,Eastern Cape,EC,2022/23,2023-01,21,36,147,34,399,675,1312
FS_2022-23_2023-01,GBV-00407,Free State,FS,2022/23,2023-01,15,25,103,23,271,451,888
GP_2022-23_2023-01,GBV-00408,Gauteng,GP,2022/23,2023-01,54,84,364,77,931,1532,3042
KZN_2022-23_2023-01,GBV-00409,KwaZulu-Natal,KZN,2022/23,2023-01,42,69,296,67,730,1337,2541
LP_2022-23_2023-01,GBV-00410,Limpopo,LP,2022/23,2023-01,23,37,158,36,395,696,1345
MP_2022-23_2023-01,GBV-00411,Mpumalanga,MP,2022/23,2023-01,24,40,167,38,436,750,1455
NW_2022-23_2023-01,GBV-00412,North West,NW,2022/23,2023-01,20,32,135,30,334,597,1148
NC_2022-23_2023-01,GBV-00413,Northern Cape,NC,2022/23,2023-01,10,15,71,15,168,301,580
WC_2022-23_2023-01,GBV-00414,Western Cape,WC,2022/23,2023-01,58,100,420,92,1054,1814,3538
EC_2022-23_2023-02,GBV-00415,Eastern Cape,EC,2022/23,2023-02,24,39,161,36,402,732,1394
FS_2022-23_2023-02,GBV-00416,Free State,FS,2022/23,2023-02,14,25,104,22,258,443,866
GP_2022-23_2023-02,GBV-00417,Gauteng,GP,2022/23,2023-02,47,85,351,74,877,1531,2965
KZN_2022-23_2023-02,GBV-00418,KwaZulu-Natal,KZN,2022/23,2023-02,40,62,263,59,705,1212,2341
LP_2022-23_2023-02,GBV-00419,Limpopo,LP,2022/23,2023-02,24,40,161,36,419,747,1427
MP_2022-23_2023-02,GBV-00420,Mpumalanga,MP,2022/23,2023-02,21,38,160,34,388,707,1348
NW_2022-23_2023-02,GBV-00421,North West,NW,2022/23,2023-02,19,34,143,29,360,600,1185
NC_2022-23_2023-02,GBV-00422,Northern Cape,NC,2022/23,2023-02,10,16,69,15,176,298,584
WC_2022-23_2023-02,GBV-00423,Western Cape,WC,2022/23,2023-02,62,108,453,100,1154,2044,3921
EC_2022-23_2023-03,GBV-00424,Eastern Cape,EC,2022/23,2023-03,24,41,163,36,453,720,1437
FS_2022-23_2023-03,GBV-00425,Free State,FS,2022/23,2023-03,16,27,114,26,297,493,973
GP_2022-23_2023-03,GBV-00426,Gauteng,GP,2022/23,2023-03,55,92,390,84,1014,1622,3257
KZN_2022-23_2023-03,GBV-00427,KwaZulu-Natal,KZN,2022/23,2023-03,41,66,282,62,740,1269,2460
LP_2022-23_2023-03,GBV-00428,Limpopo,LP,2022/23,2023-03,27,45,186,41,479,825,1603
MP_2022-23_2023-03,GBV-00429,Mpumalanga,MP,2022/23,2023-03,22,39,159,34,406,685,1345
NW_2022-23_2023-03,GBV-00430,North West,NW,2022/23,2023-03,20,35,147,32,350,638,1222
NC_2022-23_2023-03,GBV-00431,Northern Cape,NC,2022/23,2023-03,10,16,67,14,167,291,565
WC_2022-23_2023-03,GBV-00432,Western Cape,WC,2022/23,2023-03,65,111,475,101,1185,2050,3987
EC_2023-24_2023-04,GBV-00433,Eastern Cape,EC,2023/24,2023-04,23,41,173,39,468,764,1508
FS_2023-24_2023-04,GBV-00434,Free State,FS,2023/24,2023-04,16,27,111,24,290,476,944
GP_2023-24_2023-04,GBV-00435,Gauteng,GP,2023/24,2023-04,57,92,391,87,977,1808,3412
KZN_2023-24_2023-04,GBV-00436,KwaZulu-Natal,KZN,2023/24,2023-04,45,77,322,69,826,1437,2776
LP_2023-24_2023-04,GBV-00437,Limpopo,LP,2023/24,2023-04,24,41,180,40,454,767,1506
MP_2023-24_2023-04,GBV-00438,Mpumalanga,MP,2023/24,2023-04,22,39,161,36,397,722,1377
NW_2023-24_2023-04,GBV-00439,North West,NW,2023/24,2023-04,20,37,147,33,385,644,1266
NC_2023-24_2023-04,GBV-00440,Northern Cape,NC,2023/24,2023-04,10,17,68,15,176,299,585
WC_2023-24_2023-04,GBV-00441,Western Cape,WC,2023/24,2023-04,61,106,435,94,1042,1861,3599
EC_2023-24_2023-05,GBV-00442,Eastern Cape,EC,2023/24,2023-05,24,42,161,37,398,741,1403
FS_2023-24_2023-05,GBV-00443,Free State,FS,2023/24,2023-05,14,24,99,22,252,448,859
GP_2023-24_2023-05,GBV-00444,Gauteng,GP,2023/24,2023-05,57,92,405,87,1001,1720,3362
KZN_2023-24_2023-05,GBV-00445,KwaZulu-Natal,KZN,2023/24,2023-05,46,80,305,70,807,1395,2703
LP_2023-24_2023-05,GBV-00446,Limpopo,LP,2023/24,2023-05,26,43,180,40,460,814,1563
MP_2023-24_2023-05,GBV-00447,Mpumalanga,MP,2023/24,2023-05,24,41,173,38,420,772,1468
NW_2023-24_2023-05,GBV-00448,North West,NW,2023/24,2023-05,20,34,145,30,363,639,1231
NC_2023-24_2023-05,GBV-00449,Northern Cape,NC,2023/24,2023-05,10,17,66,15,184,305,597
WC_2023-24_2023-05,GBV-00450,Western Cape,WC,2023/24,2023-05,67,112,497,99,1120,2022,3917
EC_2023-24_2023-06,GBV-00451,Eastern Cape,EC,2023/24,2023-06,25,42,179,37,422,790,1495
FS_2023-24_2023-06,GBV-00452,Free State,FS,2023/24,2023-06,17,27,117,24,284,496,965
GP_2023-24_2023-06,GBV-00453,Gauteng,GP,2023/24,2023-06,56,94,389,87,979,1769,3374
KZN_2023-24_2023-06,GBV-00454,KwaZulu-Natal,KZN,2023/24,2023-06,50,85,339,77,843,1472,2866
LP_2023-24_2023-06,GBV-00455,Limpopo,LP,2023/24,2023-06,25,43,175,39,468,773,1523
MP_2023-24_2023-06,GBV-00456,Mpumalanga,MP,2023/24,2023-06,23,40,165,36,424,719,1407
NW_2023-24_2023-06,GBV-00457,North West,NW,2023/24,2023-06,20,37,143,34,374,646,1254
NC_2023-24_2023-06,GBV-00458,Northern Cape,NC,2023/24,2023-06,11,18,75,17,187,349,657
WC_2023-24_2023-06,GBV-00459,Western Cape,WC,2023/24,2023-06,68,109,465,100,1162,2102,4006
EC_2023-24_2023-07,GBV-00460,Eastern Cape,EC,2023/24,2023-07,23,43,168,37,443,820,1534
FS_2023-24_2023-07,GBV-00461,Free State,FS,2023/24,2023-07,17,29,118,26,305,512,1007
GP_2023-24_2023-07,GBV-00462,Gauteng,GP,2023/24,2023-07,50,93,380,80,925,1579,3107
KZN_2023-24_2023-07,GBV-00463,KwaZulu-Natal,KZN,2023/24,2023-07,47,78,322,72,824,1472,2815
LP_2023-24_2023-07,GBV-00464,Limpopo,LP,2023/24,2023-07,27,48,195,44,481,894,1689
MP_2023-24_2023-07,GBV-00465,Mpumalanga,MP,2023/24,2023-07,27,45,185,41,477,810,1585
NW_2023-24_2023-07,GBV-00466,North West,NW,2023/24,2023-07,22,38,163,33,383,714,1353
NC_2023-24_2023-07,GBV-00467,Northern Cape,NC,2023/24,2023-07,11,18,77,16,188,337,647
WC_2023-24_2023-07,GBV-00468,Western Cape,WC,2023/24,2023-07,73,123,514,113,1265,2193,4281
EC_2023-24_2023-08,GBV-00469,Eastern Cape,EC,2023/24,2023-08,27,47,200,45,509,886,1714
FS_2023-24_2023-08,GBV-00470,Free State,FS,2023/24,2023-08,17,29,118,27,321,544,1056
GP_2023-24_2023-08,GBV-00471,Gauteng,GP,2023/24,2023-08,59,102,418,91,1002,1815,3487
KZN_2023-24_2023-08,GBV-00472,KwaZulu-Natal,KZN,2023/24,2023-08,46,78,342,69,857,1417,2809
LP_2023-24_2023-08,GBV-00473,Limpopo,LP,2023/24,2023-08,29,46,193,43,470,868,1649
MP_2023-24_2023-08,GBV-00474,Mpumalanga,MP,2023/24,2023-08,25,40,165,36,423,740,1429
NW_2023-24_2023-08,GBV-00475,North West,NW,2023/24,2023-08,22,38,150,35,385,709,1339
NC_2023-24_2023-08,GBV-00476,Northern Cape,NC,2023/24,2023-08,10,17,69,16,173,301,586
WC_2023-24_2023-08,GBV-00477,Western Cape,WC,2023/24,2023-08,60,101,405,93,1080,1889,3628
EC_2023-24_2023-09,GBV-00478,Eastern Cape,EC,2023/24,2023-09,23,37,156,35,406,702,1359
FS_2023-24_2023-09,GBV-00479,Free State,FS,2023/24,2023-09,16,27,113,25,284,505,970
GP_2023-24_2023-09,GBV-00480,Gauteng,GP,2023/24,2023-09,53,99,392,82,1001,1740,3367
KZN_2023-24_2023-09,GBV-00481,KwaZulu-Natal,KZN,2023/24,2023-09,47,81,326,70,845,1478,2847
LP_2023-24_2023-09,GBV-00482,Limpopo,LP,2023/24,2023-09,27,47,186,40,496,793,1589
MP_2023-24_2023-09,GBV-00483,Mpumalanga,MP,2023/24,2023-09,25,40,171,36,437,734,1443
NW_2023-24_2023-09,GBV-00484,North West,NW,2023/24,2023-09,21,36,144,32,384,652,1269
NC_2023-24_2023-09,GBV-00485,Northern Cape,NC,2023/24,2023-09,11,19,82,17,196,355,680
WC_2023-24_2023-09,GBV-00486,Western Cape,WC,2023/24,2023-09,64,110,460,103,1141,2100,3978
EC_2023-24_2023-10,GBV-00487,Eastern Cape,EC,2023/24,2023-10,20,35,143,32,366,633,1229
FS_2023-24_2023-10,GBV-00488,Free State,FS,2023/24,2023-10,14,23,92,20,236,408,793
GP_2023-24_2023-10,GBV-00489,Gauteng,GP,2023/24,2023-10,53,90,381,84,973,1717,3298
KZN_2023-24_2023-10,GBV-00490,KwaZulu-Natal,KZN,2023/24,2023-10,46,74,323,73,803,1436,2755
LP_2023-24_2023-10,GBV-00491,Limpopo,LP,2023/24,2023-10,24,41,177,39,443,762,1486
MP_2023-24_2023-10,GBV-00492,Mpumalanga,MP,2023/24,2023-10,26,41,169,38,444,772,1490
NW_2023-24_2023-10,GBV-00493,North West,NW,2023/24,2023-10,22,37,152,34,396,680,1321
NC_2023-24_2023-10,GBV-00494,Northern Cape,NC,2023/24,2023-10,9,15,64,14,159,286,547
WC_2023-24_2023-10,GBV-00495,Western Cape,WC,2023/24,2023-10,68,114,484,111,1157,2153,4087
EC_2023-24_2023-11,GBV-00496,Eastern Cape,EC,2023/24,2023-11,23,39,167,35,420,707,1391
FS_2023-24_2023-11,GBV-00497,Free State,FS,2023/24,2023-11,17,27,116,24,297,509,990
GP_2023-24_2023-11,GBV-00498,Gauteng,GP,2023/24,2023-11,47,82,331,71,837,1482,2850
KZN_2023-24_2023-11,GBV-00499,KwaZulu-Natal,KZN,2023/24,2023-11,45,74,329,70,840,1325,2683
LP_2023-24_2023-11,GBV-00500,Limpopo,LP,2023/24,2023-11,24,40,168,37,419,722,1410
MP_2023-24_2023-11,GBV-00501,Mpumalanga,MP,2023/24,2023-11,25,43,175,38,417,775,1473
NW_2023-24_2023-11,GBV-00502,North West,NW,2023/24,2023-11,22,35,138,33,379,619,1226
NC_2023-24_2023-11,GBV-00503,Northern Cape,NC,2023/24,2023-11,10,17,70,15,174,308,594
WC_2023-24_2023-11,GBV-00504,Western Cape,WC,2023/24,2023-11,64,105,457,103,1143,2071,3943
EC_2023-24_2023-12,GBV-00505,Eastern Cape,EC,2023/24,2023-12,22,39,164,36,388,701,1350
FS_2023-24_2023-12,GBV-00506,Free State,FS,2023/24,2023-12,14,25,103,22,272,468,904
GP_2023-24_2023-12,GBV-00507,Gauteng,GP,2023/24,2023-12,52,85,360,82,897,1529,3005
KZN_2023-24_2023-12,GBV-00508,KwaZulu-Natal,KZN,2023/24,2023-12,43,74,311,69,798,1256,2551
LP_2023-24_2023-12,GBV-00509,Limpopo,LP,2023/24,2023-12,25,41,173,41,454,797,1531
MP_2023-24_2023-12,GBV-00510,Mpumalanga,MP,2023/24,2023-12,23,40,175,35,405,747,1425
NW_2023-24_2023-12,GBV-00511,North West,NW,2023/24,2023-12,22,38,162,36,400,731,1389
NC_2023-24_2023-12,GBV-00512,Northern Cape,NC,2023/24,2023-12,10,17,73,16,188,306,610
WC_2023-24_2023-12,GBV-00513,Western Cape,WC,2023/24,2023-12,66,114,496,107,1234,2079,4096
EC_2023-24_2024-01,GBV-00514,Eastern Cape,EC,2023/24,2024-01,25,40,177,39,451,749,1481
FS_2023-24_2024-01,GBV-00515,Free State,FS,2023/24,2024-01,15,26,109,24,277,466,917
GP_2023-24_2024-01,GBV-00516,Gauteng,GP,2023/24,2024-01,46,77,337,74,876,1481,2891
KZN_2023-24_2024-01,GBV-00517,KwaZulu-Natal,KZN,2023/24,2024-01,45,75,323,71,788,1454,2756
LP_2023-24_2024-01,GBV-00518,Limpopo,LP,2023/24,2024-01,24,44,168,37,456,783,1512
MP_2023-24_2024-01,GBV-00519,Mpumalanga,MP,2023/24,2024-01,24,41,172,38,437,771,1483
NW_2023-24_2024-01,GBV-00520,North West,NW,2023/24,2024-01,21,34,145,33,368,627,1228
NC_2023-24_2024-01,GBV-00521,Northern Cape,NC,2023/24,2024-01,9,15,65,14,162,290,555
WC_2023-24_2024-01,GBV-00522,Western Cape,WC,2023/24,2024-01,62,105,442,99,1146,2011,3865
EC_2023-24_2024-02,GBV-00523,Eastern Cape,EC,2023/24,2024-02,24,40,163,36,406,737,1406
FS_2023-24_2024-02,GBV-00524,Free State,FS,2023/24,2024-02,16,27,112,25,303,500,983
GP_2023-24_2024-02,GBV-00525,Gauteng,GP,2023/24,2024-02,56,91,388,85,970,1774,3364
KZN_2023-24_2024-02,GBV-00526,KwaZulu-Natal,KZN,2023/24,2024-02,43,74,302,68,750,1345,2582
LP_2023-24_2024-02,GBV-00527,Limpopo,LP,2023/24,2024-02,26,41,172,37,440,805,1521
MP_2023-24_2024-02,GBV-00528,Mpumalanga,MP,2023/24,2024-02,23,39,168,37,421,738,1426
NW_2023-24_2024-02,GBV-00529,North West,NW,2023/24,2024-02,23,36,160,34,397,667,1317
NC_2023-24_2024-02,GBV-00530,Northern Cape,NC,2023/24,2024-02,9,18,73,15,170,314,599
WC_2023-24_2024-02,GBV-00531,Western Cape,WC,2023/24,2024-02,61,100,405,95,1116,1848,3625
EC_2023-24_2024-03,GBV-00532,Eastern Cape,EC,2023/24,2024-03,25,40,169,38,448,764,1484
FS_2023-24_2024-03,GBV-00533,Free State,FS,2023/24,2024-03,15,26,113,24,267,478,923
GP_2023-24_2024-03,GBV-00534,Gauteng,GP,2023/24,2024-03,60,98,434,96,1052,1813,3553
KZN_2023-24_2024-03,GBV-00535,KwaZulu-Natal,KZN,2023/24,2024-03,46,77,323,70,845,1400,2761
LP_2023-24_2024-03,GBV-00536,Limpopo,LP,2023/24,2024-03,25,44,176,40,458,838,1581
MP_2023-24_2024-03,GBV-00537,Mpumalanga,MP,2023/24,2024-03,24,40,177,39,445,749,1474
NW_2023-24_2024-03,GBV-00538,North West,NW,2023/24,2024-03,22,37,158,34,397,694,1342
NC_2023-24_2024-03,GBV-00539,Northern Cape,NC,2023/24,2024-03,11,18,73,16,190,329,637
WC_2023-24_2024-03,GBV-00540,Western Cape,WC,2023/24,2024-03,64,113,481,103,1171,2143,4075
EC_2024-25_2024-04,GBV-00541,Eastern Cape,EC,2024/25,2024-04,21,36,144,32,362,664,1259
FS_2024-25_2024-04,GBV-00542,Free State,FS,2024/25,2024-04,15,26,108,24,282,465,920
GP_2024-25_2024-04,GBV-00543,Gauteng,GP,2024/25,2024-04,52,88,380,77,915,1565,3077
KZN_2024-25_2024-04,GBV-00544,KwaZulu-Natal,KZN,2024/25,2024-04,46,79,320,69,812,1382,2708
LP_2024-25_2024-04,GBV-00545,Limpopo,LP,2024/25,2024-04,26,43,178,37,483,818,1585
MP_2024-25_2024-04,GBV-00546,Mpumalanga,MP,2024/25,2024-04,26,44,181,39,412,789,1491
NW_2024-25_2024-04,GBV-00547,North West,NW,2024/25,2024-04,21,37,154,34,397,686,1329
NC_2024-25_2024-04,GBV-00548,Northern Cape,NC,2024/25,2024-04,10,16,66,15,175,305,587
WC_2024-25_2024-04,GBV-00549,Western Cape,WC,2024/25,2024-04,61,103,428,95,1057,1846,3590
EC_2024-25_2024-05,GBV-00550,Eastern Cape,EC,2024/25,2024-05,25,40,180,37,440,764,1486
FS_2024-25_2024-05,GBV-00551,Free State,FS,2024/25,2024-05,15,24,104,23,278,482,926
GP_2024-25_2024-05,GBV-00552,Gauteng,GP,2024/25,2024-05,52,84,354,81,879,1633,3083
KZN_2024-25_2024-05,GBV-00553,KwaZulu-Natal,KZN,2024/25,2024-05,46,76,288,66,803,1374,2653
LP_2024-25_2024-05,GBV-00554,Limpopo,LP,2024/25,2024-05,28,45,185,42,485,807,1592
MP_2024-25_2024-05,GBV-00555,Mpumalanga,MP,2024/25,2024-05,24,39,157,36,413,704,1373
NW_2024-25_2024-05,GBV-00556,North West,NW,2024/25,2024-05,22,38,159,35,399,720,1373
NC_2024-25_2024-05,GBV-00557,Northern Cape,NC,2024/25,2024-05,10,18,67,14,176,302,587
WC_2024-25_2024-05,GBV-00558,Western Cape,WC,2024/25,2024-05,67,111,466,102,1213,2095,4054
EC_2024-25_2024-06,GBV-00559,Eastern Cape,EC,2024/25,2024-06,23,40,158,37,422,714,1394
FS_2024-25_2024-06,GBV-00560,Free State,FS,2024/25,2024-06,15,25,102,22,263,454,881
GP_2024-25_2024-06,GBV-00561,Gauteng,GP,2024/25,2024-06,55,91,374,85,893,1740,3238
KZN_2024-25_2024-06,GBV-00562,KwaZulu-Natal,KZN,2024/25,2024-06,46,78,321,71,829,1469,2814
LP_2024-25_2024-06,GBV-00563,Limpopo,LP,2024/25,2024-06,25,41,178,38,443,772,1497
MP_2024-25_2024-06,GBV-00564,Mpumalanga,MP,2024/25,2024-06,24,41,161,36,397,732,1391
NW_2024-25_2024-06,GBV-00565,North West,NW,2024/25,2024-06,20,35,142,33,364,651,1245
NC_2024-25_2024-06,GBV-00566,Northern Cape,NC,2024/25,2024-06,10,16,72,15,172,302,587
WC_2024-25_2024-06,GBV-00567,Western Cape,WC,2024/25,2024-06,68,117,482,105,1257,2181,4210
EC_2024-25_2024-07,GBV-00568,Eastern Cape,EC,2024/25,2024-07,25,41,172,39,442,783,1502
FS_2024-25_2024-07,GBV-00569,Free State,FS,2024/25,2024-07,16,27,111,24,280,497,955
GP_2024-25_2024-07,GBV-00570,Gauteng,GP,2024/25,2024-07,57,100,402,89,999,1697,3344
KZN_2024-25_2024-07,GBV-00571,KwaZulu-Natal,KZN,2024/25,2024-07,44,76,314,71,797,1372,2674
LP_2024-25_2024-07,GBV-00572,Limpopo,LP,2024/25,2024-07,27,46,190,40,467,838,1608
MP_2024-25_2024-07,GBV-00573,Mpumalanga,MP,2024/25,2024-07,25,41,182,39,458,825,1570
NW_2024-25_2024-07,GBV-00574,North West,NW,2024/25,2024-07,22,38,151,34,388,671,1304
NC_2024-25_2024-07,GBV-00575,Northern Cape,NC,2024/25,2024-07,10,17,71,16,176,304,594
WC_2024-25_2024-07,GBV-00576,Western Cape,WC,2024/25,2024-07,68,119,493,105,1184,2122,4091
EC_2024-25_2024-08,GBV-00577,Eastern Cape,EC,2024/25,2024-08,27,48,197,43,470,816,1601
FS_2024-25_2024-08,GBV-00578,Free State,FS,2024/25,2024-08,16,28,112,25,299,476,956
GP_2024-25_2024-08,GBV-00579,Gauteng,GP,2024/25,2024-08,61,100,430,91,1078,1849,3609
KZN_2024-25_2024-08,GBV-00580,KwaZulu-Natal,KZN,2024/25,2024-08,48,86,367,77,892,1545,3015
LP_2024-25_2024-08,GBV-00581,Limpopo,LP,2024/25,2024-08,29,48,210,47,532,918,1784
MP_2024-25_2024-08,GBV-00582,Mpumalanga,MP,2024/25,2024-08,27,45,190,40,469,829,1600
NW_2024-25_2024-08,GBV-00583,North West,NW,2024/25,2024-08,22,38,150,33,392,699,1334
NC_2024-25_2024-08,GBV-00584,Northern Cape,NC,2024/25,2024-08,10,17,69,16,188,325,625
WC_2024-25_2024-08,GBV-00585,Western Cape,WC,2024/25,2024-08,71,120,523,113,1288,2330,4445
EC_2024-25_2024-09,GBV-00586,Eastern Cape,EC,2024/25,2024-09,23,41,170,36,409,744,1423
FS_2024-25_2024-09,GBV-00587,Free State,FS,2024/25,2024-09,14,25,102,22,248,448,859
GP_2024-25_2024-09,GBV-00588,Gauteng,GP,2024/25,2024-09,48,83,352,78,882,1546,2989
KZN_2024-25_2024-09,GBV-00589,KwaZulu-Natal,KZN,2024/25,2024-09,49,81,331,76,821,1444,2802
LP_2024-25_2024-09,GBV-00590,Limpopo,LP,2024/25,2024-09,26,43,193,41,462,835,1600
MP_2024-25_2024-09,GBV-00591,Mpumalanga,MP,2024/25,2024-09,26,44,181,42,474,844,1611
NW_2024-25_2024-09,GBV-00592,North West,NW,2024/25,2024-09,23,38,164,35,425,724,1409
NC_2024-25_2024-09,GBV-00593,Northern Cape,NC,2024/25,2024-09,9,16,65,15,167,291,563
WC_2024-25_2024-09,GBV-00594,Western Cape,WC,2024/25,2024-09,75,125,506,116,1309,2302,4433
EC_2024-25_2024-10,GBV-00595,Eastern Cape,EC,2024/25,2024-10,23,39,164,36,415,747,1424
FS_2024-25_2024-10,GBV-00596,Free State,FS,2024/25,2024-10,15,27,110,25,282,498,957
GP_2024-25_2024-10,GBV-00597,Gauteng,GP,2024/25,2024-10,58,93,395,84,985,1716,3331
KZN_2024-25_2024-10,GBV-00598,KwaZulu-Natal,KZN,2024/25,2024-10,46,79,341,73,852,1464,2855
LP_2024-25_2024-10,GBV-00599,Limpopo,LP,2024/25,2024-10,26,41,182,39,434,781,1503
MP_2024-25_2024-10,GBV-00600,Mpumalanga,MP,2024/25,2024-10,25,43,189,39,478,819,1593
NW_2024-25_2024-10,GBV-00601,North West,NW,2024/25,2024-10,22,37,147,34,379,677,1296
NC_2024-25_2024-10,GBV-00602,Northern Cape,NC,2024/25,2024-10,9,16,66,15,169,305,580
WC_2024-25_2024-10,GBV-00603,Western Cape,WC,2024/25,2024-10,64,111,444,100,1166,2017,3902
EC_2024-25_2024-11,GBV-00604,Eastern Cape,EC,2024/25,2024-11,22,36,151,34,387,649,1279
FS_2024-25_2024-11,GBV-00605,Free State,FS,2024/25,2024-11,15,25,102,23,262,450,877
GP_2024-25_2024-11,GBV-00606,Gauteng,GP,2024/25,2024-11,53,88,368,79,952,1732,3272
KZN_2024-25_2024-11,GBV-00607,KwaZulu-Natal,KZN,2024/25,2024-11,44,73,325,71,799,1345,2657
LP_2024-25_2024-11,GBV-00608,Limpopo,LP,2024/25,2024-11,24,41,176,38,447,756,1482
MP_2024-25_2024-11,GBV-00609,Mpumalanga,MP,2024/25,2024-11,20,36,146,33,370,654,1259
NW_2024-25_2024-11,GBV-00610,North West,NW,2024/25,2024-11,20,34,138,31,353,613,1189
NC_2024-25_2024-11,GBV-00611,Northern Cape,NC,2024/25,2024-11,10,17,70,15,172,306,590
WC_2024-25_2024-11,GBV-00612,Western Cape,WC,2024/25,2024-11,60,102,441,97,1076,1932,3708
EC_2024-25_2024-12,GBV-00613,Eastern Cape,EC,2024/25,2024-12,24,41,173,38,433,724,1433
FS_2024-25_2024-12,GBV-00614,Free State,FS,2024/25,2024-12,15,26,97,23,273,452,886
GP_2024-25_2024-12,GBV-00615,Gauteng,GP,2024/25,2024-12,49,87,355,76,913,1593,3073
KZN_2024-25_2024-12,GBV-00616,KwaZulu-Natal,KZN,2024/25,2024-12,46,77,313,72,826,1466,2800
LP_2024-25_2024-12,GBV-00617,Limpopo,LP,2024/25,2024-12,27,45,184,41,468,841,1606
MP_2024-25_2024-12,GBV-00618,Mpumalanga,MP,2024/25,2024-12,23,39,180,37,406,772,1457
NW_2024-25_2024-12,GBV-00619,North West,NW,2024/25,2024-12,24,38,167,35,391,708,1363
NC_2024-25_2024-12,GBV-00620,Northern Cape,NC,2024/25,2024-12,9,15,63,14,156,280,537
WC_2024-25_2024-12,GBV-00621,Western Cape,WC,2024/25,2024-12,69,115,454,107,1229,2139,4113
EC_2024-25_2025-01,GBV-00622,Eastern Cape,EC,2024/25,2025-01,21,36,151,33,381,666,1288
FS_2024-25_2025-01,GBV-00623,Free State,FS,2024/25,2025-01,16,27,115,25,284,515,982
GP_2024-25_2025-01,GBV-00624,Gauteng,GP,2024/25,2025-01,51,86,360,77,902,1580,3056
KZN_2024-25_2025-01,GBV-00625,KwaZulu-Natal,KZN,2024/25,2025-01,48,79,330,74,799,1436,2766
LP_2024-25_2025-01,GBV-00626,Limpopo,LP,2024/25,2025-01,22,41,164,37,418,710,1392
MP_2024-25_2025-01,GBV-00627,Mpumalanga,MP,2024/25,2025-01,24,39,163,36,419,730,1411
NW_2024-25_2025-01,GBV-00628,North West,NW,2024/25,2025-01,21,37,155,36,395,674,1318
NC_2024-25_2025-01,GBV-00629,Northern Cape,NC,2024/25,2025-01,10,16,69,15,173,294,577
WC_2024-25_2025-01,GBV-00630,Western Cape,WC,2024/25,2025-01,59,99,424,91,1003,1819,3495
EC_2024-25_2025-02,GBV-00631,Eastern Cape,EC,2024/25,2025-02,24,39,165,37,408,739,1412
FS_2024-25_2025-02,GBV-00632,Free State,FS,2024/25,2025-02,15,23,99,22,258,463,880
GP_2024-25_2025-02,GBV-00633,Gauteng,GP,2024/25,2025-02,52,85,373,78,965,1624,3177
KZN_2024-25_2025-02,GBV-00634,KwaZulu-Natal,KZN,2024/25,2025-02,43,72,295,67,740,1343,2560
LP_2024-25_2025-02,GBV-00635,Limpopo,LP,2024/25,2025-02,22,38,156,35,382,722,1355
MP_2024-25_2025-02,GBV-00636,Mpumalanga,MP,2024/25,2025-02,22,39,160,35,411,725,1392
NW_2024-25_2025-02,GBV-00637,North West,NW,2024/25,2025-02,21,36,146,34,374,665,1276
NC_2024-25_2025-02,GBV-00638,Northern Cape,NC,2024/25,2025-02,10,18,73,16,186,321,624
WC_2024-25_2025-02,GBV-00639,Western Cape,WC,2024/25,2025-02,62,104,410,98,1090,1864,3628
EC_2024-25_2025-03,GBV-00640,Eastern Cape,EC,2024/25,2025-03,23,39,153,36,418,708,1377
FS_2024-25_2025-03,GBV-00641,Free State,FS,2024/25,2025-03,15,24,101,23,266,416,845
GP_2024-25_2025-03,GBV-00642,Gauteng,GP,2024/25,2025-03,56,90,396,83,984,1679,3288
KZN_2024-25_2025-03,GBV-00643,KwaZulu-Natal,KZN,2024/25,2025-03,50,85,351,78,871,1572,3007
LP_2024-25_2025-03,GBV-00644,Limpopo,LP,2024/25,2025-03,26,44,183,40,473,815,1581
MP_2024-25_2025-03,GBV-00645,Mpumalanga,MP,2024/25,2025-03,25,41,175,38,453,763,1495
NW_2024-25_2025-03,GBV-00646,North West,NW,2024/25,2025-03,23,41,165,36,410,697,1372
NC_2024-25_2025-03,GBV-00647,Northern Cape,NC,2024/25,2025-03,10,19,73,16,181,324,623
WC_2024-25_2025-03,GBV-00648,Western Cape,WC,2024/25,2025-03,67,111,439,97,1117,2035,3866
